"","SNAP25","ACTB","SARS1","ATP5F1B","EGR1","IDH3A","NUTF2","IDH3G","FIG4","SLC17A7","CDK5","ATP6V1E1","MDH2","CDC37","CDK7","NDUFS7","GAPDH","UNC13A","TOMM22","SYT13","Group"
"GSM119615",2312.7224,4598.3516,482.19553,1391.2039,54.229103,143.9141,203.2501,192.72765,808.54535,3113.4575,318.79724,1060.0466,1492.093,91.29265,252.4451,151.3012,3329.82,160.73569,98.396706,125.33188,"Control"
"GSM119616",3648.458,7851.5107,790.54175,2517.6907,336.94458,130.55396,642.5134,576.2186,1957.6349,7360.9336,607.59485,2256.8223,939.09686,101.32947,253.24144,703.455,7475.146,224.34622,9.701952,278.2577,"Control"
"GSM119617",4552.4087,2223.5493,619.89746,1405.9285,406.83197,89.03173,411.27298,325.46613,901.6761,1199.396,529.2935,392.14584,321.15408,18.731207,70.68781,489.11395,7363.3213,376.7819,55.360138,453.10602,"Control"
"GSM119618",5547.08,2869.6091,579.54663,1680.816,259.90164,69.146774,533.7454,655.9822,1726.797,2489.9644,604.52606,805.2035,323.09537,14.047227,75.05481,791.42706,7642.396,298.07352,11.324066,482.20465,"Control"
"GSM119619",5403.5454,12222.2295,2732.0977,10245.673,178.95271,849.2563,707.4019,1334.7173,4946.051,10289.472,1344.8108,10083.343,9093.575,307.03857,837.8604,1532.24,19791.098,724.78845,61.57994,1135.2667,"Control"
"GSM119620",7428.1577,4638.945,791.5431,1909.7806,401.05685,84.51747,692.2684,623.59424,2827.601,4100.1646,695.1755,1461.9323,581.8357,93.03273,161.48335,831.81525,6351.7974,294.77493,80.50574,291.25497,"Control"
"GSM119621",4456.672,6289.7583,701.68085,1242.4165,355.88965,66.59149,580.35754,887.56384,1528.5048,1768.5112,604.8819,660.32776,306.01736,18.147665,163.44127,681.4251,8347.946,198.95506,11.823517,324.70728,"Control"
"GSM119622",4644.125,9166.859,2618.1455,5873.6006,311.81787,110.87489,707.04846,2008.8992,3606.4885,5565.11,1050.4604,5123.3496,1407.9233,170.18845,281.26276,1711.587,15824.199,193.10512,42.27049,440.18442,"Control"
"GSM119623",3834.1267,8397.631,1498.6195,4325.6064,373.7309,160.39908,535.20746,854.21497,3858.6677,9014.895,1030.8242,2746.3428,883.83777,111.69336,195.3233,948.4822,14659.635,294.06094,52.103287,547.9402,"Control"
"GSM119624",3880.123,5227.955,1927.2269,5929.8906,118.99853,116.43062,598.0381,2645.8271,6975.8364,6134.9395,1025.6552,3854.202,1714.7031,199.92584,289.2191,2408.282,17103.287,105.249825,18.881813,364.69385,"Control"
"GSM119625",2884.9866,6202.4673,1224.3152,4195.3345,107.65308,132.81137,457.64224,1165.1412,1482.5552,6086.476,469.36215,4794.132,2297.72,151.40437,344.77737,1174.4258,11191.564,254.9712,18.705143,254.82167,"Control"
"GSM119626",4982.4336,13389.254,1431.8698,2919.835,308.08804,156.5019,937.01746,1122.2333,3904.6108,4623.91,907.359,1071.7474,684.8729,125.92634,160.0814,967.20795,16418.977,377.91846,123.23304,360.8118,"Control"
"GSM119627",3151.7097,7642.724,1662.9092,4034.2236,329.30685,135.75972,672.5578,1227.2144,3604.9626,5821.4326,847.45105,2890.4438,1388.7891,86.91845,265.62292,894.0844,15369.838,254.91331,62.13858,668.9161,"Control"
"GSM119628",1644.4572,17258.953,1335.1385,3546.8074,62.02908,568.54846,512.1836,484.074,1164.4951,8474.931,393.00897,5543.9414,2929.7517,123.18037,192.41574,462.90463,6975.104,121.15758,37.36806,197.5585,"Control"
"GSM119629",998.5416,19723.953,780.5271,842.4329,187.35747,322.4344,641.31085,255.31975,650.0359,8287.393,212.78069,2016.6272,1201.0647,39.292187,99.19471,461.66827,2546.0613,90.70189,27.04549,172.08046,"Control"
"GSM119630",1794.8503,12086.203,373.48523,793.11304,66.90338,76.25037,341.379,142.81755,1191.3641,2457.398,233.96979,1011.0222,541.4176,68.83145,514.4526,237.56787,5621.8057,69.10747,91.856674,174.34705,"Control"
"GSM119631",1400.2527,19291.31,975.0143,2746.4358,51.040916,266.5059,648.82666,364.9688,1043.7411,9363.63,667.9534,4471.095,2441.9949,116.53377,64.2886,436.01053,8676.333,61.17739,52.90197,259.71173,"Control"
"GSM119632",1332.7822,15271.52,1181.0386,3646.919,26.04081,349.57132,501.90588,378.07153,1626.1656,4802.0386,440.58282,4542.0537,2938.6934,229.42366,326.79672,503.46252,9598.295,57.04871,2.846889,128.24426,"Control"
"GSM119633",892.7711,17931.76,642.9534,1978.3022,98.166794,217.99847,449.2571,286.98712,867.1751,3158.9207,265.7863,3312.0806,1877.0096,152.87897,196.23906,483.1576,4008.9668,58.864967,42.078438,81.23615,"Control"
"GSM119634",1036.7924,38067.625,785.1526,1813.4448,74.65793,126.76978,458.6565,187.14412,390.81717,4608.955,171.93501,1333.8965,1226.3987,135.28297,70.74691,386.5384,4793.953,10.924746,109.71722,207.12752,"Control"
"GSM119635",926.6932,19509.326,1715.6049,4843.487,48.58328,582.05756,467.96628,507.7774,1360.9641,6665.0356,703.01855,6512.821,3255.5176,167.79622,255.66515,668.9321,11453.675,72.696625,54.42232,173.30788,"Control"
"GSM119636",1466.7448,15659.221,1092.1711,3245.6577,97.09378,344.86667,330.5002,351.6622,1044.605,6031.6865,449.08566,4716.2686,2438.9617,150.93549,314.74536,387.18085,7992.9,81.049965,48.557262,165.58827,"Control"
"GSM119637",612.4284,22723.893,1769.7699,5988.8633,86.3509,467.1472,680.7839,805.8241,1239.075,9330.063,708.4616,6464.7886,4253.574,226.2079,295.16824,861.8965,12178.651,90.93026,12.810535,528.19037,"Control"
"GSM119638",1171.8917,30266.441,1065.9283,3861.901,90.93887,331.59146,748.4913,423.07028,1593.0474,10304.774,793.24304,6983.759,2547.429,134.0755,276.04062,629.1399,10455.543,242.73389,61.1583,183.80963,"Control"
"GSM119639",2363.7056,29741.059,752.9925,2729.1482,41.581585,170.93613,517.8848,357.0918,972.85834,8724.913,488.9458,3922.7239,1694.4513,77.99671,195.49612,303.6627,5150.1045,36.51403,103.02468,138.687,"Control"
"GSM119640",594.3463,25271.209,1239.9062,4448.636,58.088413,385.1339,683.5631,547.1687,1010.08093,7420.9473,736.30664,5919.085,2542.7634,181.67766,294.45645,617.6882,11184.115,84.42097,13.264349,136.53358,"Control"
"GSM119641",1105.3223,15945.872,708.1921,2686.0166,13.175298,105.9426,187.54872,305.71426,2989.8875,3840.6123,561.655,5513.989,1764.7314,97.94684,312.64114,514.3615,9104.702,92.254295,15.084324,224.87622,"Control"
"GSM119642",1504.3618,44593.777,893.82916,2817.6523,209.0972,135.75624,428.53476,389.24188,1763.2233,5219.9927,625.806,6471.682,1827.2964,96.788666,255.73734,663.4395,9672.864,22.44276,27.66924,193.8222,"Control"
"GSM119643",991.8199,19286.586,1233.8127,2450.0852,116.41442,144.82857,376.9821,527.5869,1935.2998,3272.3904,266.63223,3696.2764,1335.0983,249.09792,290.89236,390.30695,7087.7954,65.34771,39.253902,271.70355,"Control"
"GSM119644",986.84283,23828.977,1623.1222,5752.348,35.46692,194.89836,295.77664,576.51544,3252.9336,3702.7146,630.2953,7904.3564,2272.359,304.40338,367.16226,742.3507,11640.965,125.42565,40.871235,129.38304,"Control"
"GSM119645",1709.1368,28986.457,458.66666,1113.4131,68.16705,270.44208,198.01196,326.07358,2107.4875,3680.373,476.74332,1861.5367,901.49445,143.11272,102.735374,399.80035,4064.1204,165.64282,199.88992,135.76326,"Control"
"GSM119646",568.95886,26692.33,3371.0706,8293.975,101.08509,169.1621,131.40384,1198.2979,3262.839,4633.1826,1444.8204,7970.0645,2592.0503,284.33392,460.98257,755.0573,28622.309,177.65813,40.85382,131.86053,"Control"
"GSM119647",778.90857,14189.579,1152.0818,4256.751,88.38049,172.17305,324.66058,584.4448,3443.025,3935.4631,1064.8812,6410.075,1843.8716,104.60132,270.05832,637.1015,12850.305,97.58278,119.48927,252.74538,"Control"
"GSM119648",440.08652,31978.002,1334.6193,4534.2925,76.16459,254.13887,232.98131,601.8549,3611.6067,3774.2473,932.5679,5703.789,1752.6305,81.25251,323.6798,624.6677,13220.522,125.2068,8.411453,467.64062,"Control"
"GSM119649",6616.72,12535.672,1928.694,7680.6426,210.35374,783.4901,584.15497,1114.9906,3301.0483,8357.168,1086.2422,8376.432,5448.1143,446.75696,646.26337,1299.7902,16400.691,632.4535,72.56856,687.4896,"Control"
"GSM119650",446.72397,15513.627,2101.3862,5877.3623,39.678925,93.90118,287.85712,1163.982,3304.0933,4538.9287,1270.7562,7309.186,2322.4668,321.22125,367.7544,583.1446,25173.969,77.180984,65.52569,131.50523,"Control"
"GSM119651",2047.5625,16727.615,580.242,1592.3416,113.04521,230.40535,561.5477,252.78442,2263.4458,4082.179,320.9223,3350.1597,1847.7145,26.907694,166.69928,441.57336,3439.888,147.9923,41.055256,8.00616,"Control"
"GSM119652",1154.5662,25430.637,1090.479,4198.6206,67.10414,243.8211,273.8017,298.66153,2555.007,4767.2754,490.2484,5374.4375,2035.7926,52.048553,295.13086,318.45264,9771.665,53.494007,49.66192,172.0838,"Control"
"GSM119653",1986.0819,5304.0796,437.2055,2291.687,79.000114,88.38436,170.345,255.51436,954.05695,3471.063,390.01752,2390.0625,1317.1188,82.48589,135.51102,418.62234,7861.09,323.2882,67.793526,359.96375,"AD"
"GSM119654",1617.7808,5733.604,582.3781,1766.5679,162.56639,195.56572,272.20883,253.36147,1182.8595,5716.7246,395.28632,3941.97,1818.727,131.98161,159.47966,358.1745,6223.0195,298.79453,23.582575,270.72772,"AD"
"GSM119655",750.61096,3524.6675,829.0559,2508.0618,73.87581,212.072,211.74968,256.49448,1473.7499,3460.629,457.0501,2943.9438,1629.6732,168.47533,152.10161,401.81403,7571.491,164.93,8.475856,438.50757,"AD"
"GSM119656",1756.3582,4902.114,821.34705,2949.343,33.17134,301.30746,171.78741,411.71375,1872.1633,3973.4707,409.7062,4024.9414,2563.3486,186.90906,166.34323,322.0761,9686.744,245.39848,45.490288,167.37697,"AD"
"GSM119657",1947.9922,5499.7725,305.12213,1145.1272,121.97503,81.916954,169.63686,205.30696,517.40393,2016.7455,143.55385,1115.4128,812.4219,66.49935,101.192825,200.3194,3355.8843,151.0336,31.432201,158.46707,"AD"
"GSM119658",1089.9092,4457.8223,330.5083,1666.1202,169.07565,199.35783,133.61865,137.5711,853.7865,2330.4216,197.14323,1688.1544,1229.4753,7.3720083,207.51067,173.91315,3158.019,205.21445,15.814655,167.2488,"AD"
"GSM119659",1271.083,4239.4893,1301.9335,5075.5107,186.04442,271.7081,194.32767,434.1562,1610.9093,4223.5615,539.64233,5419.219,2225.5706,140.33162,252.60999,499.787,10315.417,252.5382,20.555086,197.94168,"AD"
"GSM119660",1208.0035,3864.1428,855.04565,3330.3716,81.57619,180.63647,150.90167,336.18924,1418.1686,3498.297,397.66187,3992.9458,1295.2177,106.962166,241.47594,500.0872,8119.783,375.66583,22.97934,114.45796,"AD"
"GSM119661",24.927862,2817.465,888.24854,4820.7,20.706354,472.38483,5.689871,80.90487,2871.6648,249.2792,2.1192896,2916.391,714.6607,3.1136227,184.9413,94.38955,250.86423,36.399715,3.0528774,3.2104683,"AD"
"GSM119662",1346.3694,3121.5085,725.81177,2688.8684,74.42171,348.92712,70.10793,290.75644,1307.968,2677.3062,332.8858,3111.5457,1537.9391,155.42517,214.85582,346.34415,6795.599,358.5169,32.755188,135.72261,"AD"
"GSM119663",859.3755,4074.0574,1395.8408,5463.7847,64.525375,280.50845,42.621246,898.1652,1189.3604,2088.1404,590.44037,5613.7207,2847.5737,128.5225,220.37584,582.9099,11091.849,171.39644,27.912539,132.26825,"AD"
"GSM119664",1425.5234,4774.227,464.3306,1395.3251,198.18286,79.23756,163.93364,206.23248,979.0263,2985.6753,327.81625,2759.6936,1289.8402,55.130367,122.06622,249.25333,4363.205,127.106094,9.838371,160.9271,"AD"
"GSM119665",1065.0826,4067.9333,1034.8717,3363.495,133.31816,235.59062,161.74533,269.45343,1221.3577,3254.6567,447.73486,4416.6636,2064.8035,177.47638,288.57852,400.77768,7440.159,224.86424,14.226822,188.67401,"AD"
"GSM119666",65.90372,1199.7449,229.60263,185.38586,108.43241,830.4499,120.9544,80.32574,1247.94,30.120443,19.053997,338.80084,227.89548,13.402003,7.0876427,136.31021,398.55283,135.70728,117.7563,101.75478,"Control"
"GSM119667",1046.1904,5009.2793,1199.2572,5354.2017,95.207886,375.46643,154.20525,363.9314,1369.5771,4321.657,408.05777,5439.251,3313.3652,142.60132,304.0693,472.7858,8583.87,124.70697,11.249752,221.05106,"Control"
"GSM119668",1540.4493,7283.5054,533.5063,1355.5096,265.55588,183.72726,288.89743,147.11897,513.46606,1950.7109,274.60233,2059.592,681.8833,33.513767,124.63245,227.52739,3252.5684,330.2116,45.062828,204.15747,"Control"
"GSM119669",1219.5011,13558.647,628.8678,1803.6165,135.06683,152.31541,464.85608,344.41327,1002.1295,5672.2573,219.10507,2360.7292,1873.0487,159.74106,248.15111,530.19775,5094.3516,142.05215,42.2791,9.301788,"Control"
"GSM119670",1034.0427,3716.2422,1305.0203,4956.171,150.2381,285.61655,129.48184,383.53232,2133.7656,3769.67,607.1157,5262.579,2524.4915,141.14618,295.99823,439.33463,9179.5,213.7189,16.046144,185.00536,"Control"
"GSM119671",5495.649,10128.515,2594.325,9706.699,513.57806,1050.2122,303.8668,1534.7925,4216.1035,5863.6865,1100.139,7920.72,7344.988,299.44446,378.34186,1449.412,16494.701,747.8359,55.346836,649.6342,"Control"
"GSM119672",2697.869,10745.434,4103.2915,14309.608,275.6798,818.07855,549.2225,1929.2031,4579.9043,9978.547,1553.0502,10435.853,9242.797,446.4137,1056.4991,1555.2981,21644.244,466.45337,70.90951,1080.9681,"Control"
"GSM119673",3447.379,13999.559,3490.431,10496.036,154.46925,596.5247,278.12457,1654.6396,5363.399,8188.6357,1669.1077,13563.917,8697.807,479.93124,608.1494,2559.1143,27007.041,1187.4615,32.212734,658.70197,"Control"
"GSM119674",3781.5107,10860.332,2697.8257,12449.262,258.77396,689.06635,588.3967,1367.8121,4958.427,9478.895,1594.4182,12005.3125,9986.65,264.0293,794.6387,1695.857,19895.963,883.1751,120.90525,1011.5773,"Control"
"GSM119675",1280.858,12109.783,566.2586,2980.857,93.95846,134.86021,219.57986,230.96805,1925.0111,4147.1816,366.99216,5051.105,1974.5006,119.74949,360.69626,272.2626,8349.711,75.604645,19.878044,63.730385,"Control"
"GSM119676",343.48682,275.4543,19.004742,146.0458,329.6052,302.29062,648.1574,479.34323,25.068201,40.53764,19.86441,30.390747,23.259344,37.15337,629.1607,383.48236,452.52835,449.1393,19.208889,70.20125,"Control"
"GSM119677",1269.4883,2985.1292,432.8264,1839.275,190.93593,114.56204,72.029144,200.36057,927.8535,975.5973,168.07596,1350.7931,1613.8347,65.3059,136.94652,253.1575,3739.5723,193.34921,32.921967,127.14342,"Control"
"GSM119678",1412.2854,4551.3623,565.89246,1433.2677,190.67041,80.15651,117.19663,261.35092,622.35156,1561.8566,227.54782,1438.838,1407.9713,72.88198,145.57123,307.29153,2546.1548,266.8305,33.228905,110.246506,"Control"
"GSM119679",1099.864,5007.9917,1176.9065,4512.829,46.02025,237.15356,134.14912,488.98807,1374.6283,2385.7222,413.20273,4239.6226,2754.6414,141.8339,369.48584,460.6762,8778.532,250.46861,17.541744,241.89017,"Control"
"GSM119680",1132.9792,6097.1978,219.30649,905.004,236.14645,121.332825,274.20734,165.93509,282.8188,1275.3693,188.49081,1051.1216,753.81323,100.48201,95.82147,236.20665,3116.3264,158.1601,43.73769,150.34947,"Control"
"GSM119681",840.707,5896.343,357.70117,1150.0713,150.93736,111.16441,242.5539,237.58109,503.48007,653.25104,12.487269,639.2074,733.727,134.68275,98.79839,170.93494,3974.994,182.37654,16.798584,293.3224,"Control"
"GSM119682",1276.8289,4548.539,1024.8584,4435.248,61.831837,405.82,298.26355,435.37845,1093.0961,2213.7573,399.61768,3513.7336,2412.2148,142.9242,253.13962,482.64362,8268.414,189.14343,49.51189,188.81645,"Control"
"GSM119683",1482.0635,3504.659,754.98956,2941.104,106.493614,166.32817,90.49843,350.50946,1113.4548,2207.7612,261.3027,3029.005,1831.9052,87.93267,273.7668,291.31897,5578.163,312.15765,21.528288,142.76901,"Control"
"GSM119684",611.95544,3564.5398,1138.9011,4517.576,54.972977,506.81482,189.1737,396.562,977.12506,1739.6224,452.9654,3435.461,3085.0444,148.75871,460.0085,351.11707,9440.295,187.22087,28.880106,123.46715,"Control"
"GSM119685",1842.8596,3574.7388,525.85376,2109.7092,234.57695,173.68396,72.59114,353.84442,975.9613,1915.4214,275.09122,2048.4275,1815.839,84.29538,254.14525,353.7644,4462.6997,318.1816,22.554995,290.02042,"Control"
"GSM119686",1253.9004,4980.4287,697.8471,2538.0735,95.997505,216.1236,132.11148,524.9745,997.3759,1412.8962,459.20334,2685.3762,1583.3385,84.734436,306.11563,382.81558,8363.125,263.0949,25.331375,201.32574,"Control"
"GSM119687",743.3982,6994.5264,252.75133,779.196,74.279144,109.7735,264.26663,178.83487,492.84818,871.08203,152.39777,691.8258,724.81067,119.061516,7.372153,165.31776,2476.3735,203.17587,27.55212,187.92317,"Control"
"GSM119688",793.0186,5688.8145,1203.3994,3615.5486,81.8299,221.93289,169.31635,897.9849,975.5606,1170.1844,534.1304,4250.2627,1417.1959,191.39606,211.38382,475.06616,14378.956,236.19551,63.699936,187.02017,"Control"
"GSM238763",1533.02,3485.44,268.314,522.638,250.185,170.692,192.793,128.117,277.439,521.872,122.572,352.961,576.349,12.3959,63.8749,163.731,1681.09,122.591,33.9615,477.491,"AD"
"GSM238790",1069.23,7502.58,642.628,2063.53,109.064,197.01,257.052,284.981,1408.72,2452.85,427.315,2465.89,2214.95,112.68,304.851,187.135,8003.81,374.162,24.0749,196.538,"AD"
"GSM238791",1513.1,3458.5,371.252,395.112,321.481,85.0783,253.068,103.578,489.865,1026.49,91.3859,275.07,288.672,10.6195,8.10445,146.6,1298.81,22.9047,27.8805,503.263,"AD"
"GSM238792",1693.68,6631.01,357.662,727.802,303.756,119.582,200.092,115.745,512.9,1380.86,180.731,652.559,657.569,7.56022,90.5426,150.078,3386.22,212.406,53.8058,466.125,"AD"
"GSM238793",2565.83,7803.33,178.459,472.41,226.715,123.48,239.522,109.614,412.305,1253.87,228.728,359.1,661.86,11.2569,79.6146,209.841,2817.81,147.481,75.8085,447.757,"AD"
"GSM238794",3269.76,6501.35,372.275,1052.37,458.496,109.518,316.398,154.079,494.473,987.03,319.85,336.912,728.417,21.3873,70.4161,290.402,3690.58,141.55,93.2261,317.597,"AD"
"GSM238795",2023.43,5519.56,375.633,1435.85,191.925,143.006,178.166,179.956,714.006,1634.56,253.601,968.361,806.923,6.0491,147.751,186.142,5100.21,227.401,45.4231,701.417,"AD"
"GSM238796",959.02,5829.19,362.925,761.878,203.243,62.6822,223.111,120.286,537.774,485.4,103.079,345.217,355.613,8.96772,84.8801,233.333,3454.66,219.885,89.7128,418.306,"AD"
"GSM238797",1474.88,6964.41,362.699,498.648,189.797,123.9,226.183,79.5321,245.542,1190.41,156.521,378.895,582.305,6.36424,39.1401,172.731,2230.12,131.386,16.7668,425.393,"AD"
"GSM238798",1230.79,9538.08,423.83,760.13,145.725,104.861,205.871,114.571,482.619,1053.94,112.785,616.249,645.458,13.0127,99.2519,129.877,4296.62,99.2726,36.0889,187.8,"AD"
"GSM238799",2635.84,3997.39,559.742,1540.68,115.51,155.063,262.155,399.715,687.148,6005.93,413.008,1961.65,1267.9,50.7359,137.979,335.382,5060.26,371.169,41.2606,269.155,"AD"
"GSM238800",1675.9,6665.68,439.809,1434.6,105.691,146.839,224.309,206.916,310.946,4117.62,303.266,1272.04,987.528,15.5523,74.3854,228.292,4020.55,354.438,4.1904,223.065,"AD"
"GSM238801",1941.46,4198.37,359.803,1335.38,60.9821,221.538,138.398,204.17,500.529,3462.89,310.573,1241.19,861.101,57.9699,133.568,223.757,4521.54,183.185,32.1155,126.856,"AD"
"GSM238802",2092.59,6811.78,470.328,701.014,170.12,138.048,218.021,188.049,705.349,6860.43,305.432,2225.9,1080.06,4.84302,3.10033,269.899,2157.01,216.729,7.45325,366.279,"AD"
"GSM238803",2110.25,5510.08,235.781,436.767,152.219,97.3403,185.156,86.1339,510.553,1916.77,122.215,1110.22,822.014,11.0257,51.2174,175.623,2362,16.5564,67.1489,236.288,"AD"
"GSM238804",3599.07,4331.85,353.18,950.355,76.2681,188.603,198.742,192.054,564.175,4103.62,284.764,1626.25,1196.71,5.81662,51.254,237.517,2053.69,165.9,56.1357,157.552,"AD"
"GSM238805",2812.04,4997.01,364.602,599.63,64.5624,66.0883,243.662,167.814,552.681,3048.48,127.32,1210.73,525.092,4.99804,9.24223,177.574,1346.66,157.475,12.9064,761.772,"AD"
"GSM238806",3877.86,5366.08,470.766,641.372,314.861,126.461,283.723,126.764,532.19,3805.8,301.87,663.263,719.257,33.2896,96.5096,226.74,1043.85,91.137,70.3075,323.426,"AD"
"GSM238807",2935.41,5301.85,280.15,923.608,128.642,64.5647,202.443,295.704,505.623,3694.86,111.114,2107.17,1085.72,4.98594,104.792,231.048,2372.27,253.279,11.6541,217.628,"AD"
"GSM238808",3116.65,5162.41,338.146,780.151,85.6677,88.7016,207.154,93.4746,436.574,2423.89,247.804,558.546,561.939,13.5502,54.4765,200.526,3335.88,275.564,4.16839,155.332,"AD"
"GSM238809",1261.55,6252.43,332.51,1295.4,37.7532,73.059,131.853,140.813,468.007,1967.52,143.598,1560.32,1389.28,11.3901,83.9584,126.733,4575.43,311.294,8.44165,150.554,"AD"
"GSM238810",419.225,5984.6,317.414,821.2,11.9681,74.5117,108.221,121.736,248.771,476.073,42.922,429.605,937.564,6.36816,138.742,199.966,4400.75,188.139,78.6609,158.833,"AD"
"GSM238811",912.881,4728.18,469.84,1243.48,131.555,98.0409,290.554,204.574,402.446,1588.85,162.936,1421.96,1100.59,72.345,117.474,107.302,4407.14,134.952,43.665,83.7813,"AD"
"GSM238812",1353.23,7151.01,485.356,1198.16,52.4669,465.132,161.44,330.512,684.229,1966.16,186.349,1226.18,656.814,74.1108,176.393,181.918,7015.6,459.969,9.10472,109.709,"AD"
"GSM238813",1554.15,6576.69,390.156,448.579,173.815,15.5855,139.399,134.449,571.064,2713.32,187.673,1384.62,801.669,15.3549,9.98664,116.546,1466.12,298.422,53.8408,274.179,"AD"
"GSM238815",393.707,4708.69,414.567,745.479,104.073,131.377,247.981,102.565,344.449,1056.95,89.3432,801.424,933.037,9.87101,86.2069,265.544,5309.64,267.543,23.6156,58.4669,"AD"
"GSM238816",714.962,3791.04,251.521,793.121,70.3783,129.448,154.129,279.579,614.754,1888.2,200.359,1075.47,926.652,72.0818,100.949,334.974,3791.48,187.494,7.57926,165.127,"AD"
"GSM238817",1759.13,6307.17,405.911,1535.2,83.1819,263.376,175.845,219.644,1072.17,2784.97,204.742,1787.32,1299.84,85.6193,169.336,205.248,5440.14,338.227,42.3942,191.63,"AD"
"GSM238818",1729.26,4791.37,572.429,1670.35,76.1534,98.5802,219.584,328.354,1209.42,3554.13,343.863,1977.95,1320.41,83.989,197.775,325.253,5031.22,409.097,19.964,325.072,"AD"
"GSM238819",1763.25,6147.14,238.62,582.865,87.2702,66.8847,238.889,126.558,446.805,1464.57,246.953,907.798,864.646,12.2233,3.39338,291.478,3491.68,265.608,63.192,137.799,"AD"
"GSM238820",534.716,6677.69,674.736,1757.41,44.7347,334.884,191.804,178.057,620.638,1310.68,270.638,2182.6,955.156,61.6517,211.224,302.801,6484.47,289.623,4.65141,93.9279,"AD"
"GSM238821",854.974,3665.01,554.18,1528.91,43.3314,203.068,157.565,192.909,440.709,2057.91,231.351,1794.48,1036.88,106.11,266.786,244.403,5345.93,170.937,42.8209,133.573,"AD"
"GSM238822",427.61,5740.96,329.044,581.754,45.1151,88.7775,336.177,82.262,569.321,604.995,43.824,563.735,787.814,76.6014,43.7128,202.344,4035.84,188.71,33.9887,122.748,"AD"
"GSM238823",430.864,4790.18,259.404,681.869,104.067,155.204,420.829,180.304,367.764,394.827,90.2401,443.601,777.693,16.0781,8.99128,261.203,5808.3,197.432,33.1893,108.295,"AD"
"GSM238824",519.406,4913.08,281.806,796.959,71.5384,4.32821,258.577,158.443,424.468,1150.18,110.203,516.949,728.336,9.30634,64.1201,260.81,3635.49,134.199,103.87,193.552,"AD"
"GSM238825",256.335,4905.3,206.31,512.177,81.2349,129.625,219.432,75.7762,314.306,191.631,97.9143,269.746,923.314,13.2406,9.18703,285.041,4168.23,201.226,44.7485,153.361,"AD"
"GSM238826",705.327,4797.81,304.623,443.313,88.681,116.058,340.469,198.983,571.863,1245.75,164.156,566.519,826.199,42.5202,161.992,219.707,4101.52,306.916,32.1034,70.8315,"AD"
"GSM238827",874.318,3495.9,152.426,551.444,206,52.3805,413.384,111.683,456.303,1173.43,81.179,518.943,366.614,139.509,8.22481,277.075,929.321,160.968,89.5039,252.602,"AD"
"GSM238834",1765.73,4219.54,357.455,858.411,14.5454,101.781,252.615,262.055,709.841,1364.84,173.771,1038.33,756.793,26.9982,8.27871,224.534,4033.86,257.604,29.8781,241.174,"AD"
"GSM238835",2194.45,3996.67,262.366,781.796,210.686,91.1402,153.93,94.6901,796.222,3064.84,161.332,1706.57,1154.73,5.21757,103.682,321.876,1915.08,226.387,5.20318,262.718,"AD"
"GSM238837",291.694,7460.47,379.097,437.494,321.042,104.477,289.55,142.911,545.671,145.561,12.8974,306.07,600.798,16.1465,10.3253,212.04,1072.91,172.062,88.2469,141.187,"AD"
"GSM238838",1224.59,6265.64,285.506,765.95,49.3605,121.349,277.432,237.814,707.239,1466.68,303.126,1458.23,1188.28,63.3286,156.742,164.034,1968.39,211.797,82.6139,650.35,"AD"
"GSM238839",2782.18,4332.48,313.836,445.868,248.921,93.4778,147.959,203.139,404.926,1394.71,196.341,854.595,509.857,13.6654,58.0791,228.71,1511.33,146.306,101.923,352.697,"AD"
"GSM238840",2320.71,6118.06,162.837,577.183,176.065,113.397,267.438,90.9802,747.925,2279.76,37.2215,725.983,1058.23,5.77717,85.3501,156.657,1308.62,234.973,6.44659,204.074,"AD"
"GSM238841",1153.61,4550.58,347.348,606.527,141.295,130.526,175.267,134.135,1375.42,1644.37,174.448,2022.52,914.208,13.348,101.577,299.447,2046,300.996,69.4371,333.389,"AD"
"GSM238842",1458.02,5062.87,182.662,720.329,31.0927,113.219,73.682,169.97,873.374,3103.31,87.932,1319.58,1261.8,86.1189,131.562,239.657,1736.42,267.245,9.91983,277.62,"AD"
"GSM238843",1347.16,4873.95,278.442,1189.38,85.7031,153.385,201.227,114.323,686.631,1674.15,150.623,1160.29,908.452,17.5863,103.177,205.928,3583.27,177.302,9.92145,178.778,"AD"
"GSM238844",1025.44,6123.51,310.838,793.064,112.307,305.434,279.721,42.2093,410.004,1657.11,207.632,860.861,1119.85,19.6902,54.9466,209.706,2805.12,255.299,19.7505,171.938,"AD"
"GSM238845",942.394,3237.08,507.389,2053.46,51.4728,168.684,165.366,255.403,1464.81,2963.13,166.587,2565.48,1258.44,157.472,185.523,262.601,4086.25,188.84,7.82785,154.159,"AD"
"GSM238846",1315.71,3565.29,565.753,1774.78,46.1282,212.054,234.574,171.684,1156.75,2006.47,182.15,1773.66,1086.02,75.5011,38.1678,193.703,4866.94,224.142,6.048,133.546,"AD"
"GSM238847",1223.08,3968.08,314.68,1301.5,75.5775,121.922,153.351,230.868,792.749,2071.27,138.937,1493.55,965.35,49.4955,209.964,269.649,3951.74,185.314,22.0834,157.608,"AD"
"GSM238848",1245.88,4044.4,262.287,1407.46,7.92201,17.6608,267.787,189.185,893.06,598.443,75.3112,452.224,991.73,102.019,17.4206,315.655,3698.92,192.022,3.58355,64.1511,"AD"
"GSM238851",771.566,4722.53,312.585,781.211,103.699,129.533,244.541,98.5233,415.026,1220.32,104.186,612.713,852.745,75.9391,49.3633,149.421,5301.49,157.812,27.8681,80.3812,"AD"
"GSM238854",1010.37,5386.71,390.116,1152.52,246.907,152.163,193.378,195.42,841.809,2351.45,308.068,1493.87,985.887,90.9532,187.148,216.594,4588.68,317.858,27.0337,171.6,"AD"
"GSM238855",202.594,6045.08,244.828,465.789,184.331,140.867,158.056,148.603,304.456,667.96,10.236,526.572,763.251,31.624,9.16011,296.683,1161.69,129.622,63.2382,133.06,"AD"
"GSM238856",1468.52,3742.37,508.158,1282.96,57.4874,98.7386,129.143,149.188,667.866,1106.07,265.569,1051.05,1033.57,53.4155,65.904,237.182,4682.13,178.858,24.3412,85.9507,"AD"
"GSM238857",1463.86,3686.79,837.412,3317.21,101.414,271.479,229.161,390.231,1527.16,2585.24,391.595,2827.94,1709.12,122.246,235.883,356.769,6957.45,294.509,57.3434,213.302,"AD"
"GSM238858",1661.23,4857.25,243.316,379.795,122.042,14.2192,218.714,11.0503,285.359,1322.36,55.131,496.69,734.495,17.4394,3.97362,207.564,1549.34,175.258,75.8966,388.692,"AD"
"GSM238860",1293.75,5304.26,434.203,1090.72,73.5352,107.952,166.386,307.14,694.919,2200.22,246.522,1249.71,1121.3,19.6549,66.6791,406.278,5920.67,275.557,27.1301,236.634,"AD"
"GSM238861",1789.76,2821.28,290.58,778.303,115.933,161.273,220.015,113.257,527.864,1286.1,125.119,662.418,830.969,43.0964,7.98394,265.797,3620.06,249.555,23.3413,143.742,"AD"
"GSM238862",1067.29,4889.15,292.814,611.745,124.905,95.2815,345.079,138.75,464.645,1297.05,136.708,639.934,785.796,67.883,32.3856,240.399,3546.23,271.457,21.334,226.109,"AD"
"GSM238863",1783.51,3955.72,442.009,1386.79,51.8271,148.17,83.9383,188.357,1148.45,3117.97,188.297,2035.98,1412.7,76.3947,139.366,200.272,3812.74,220.068,30.9426,384.365,"AD"
"GSM238864",1824.15,4165.84,470.209,1661.17,55.8311,148.119,118.454,219.434,1182.68,2655.58,315.868,2072.66,1067.01,125.702,181.515,225.904,4371.55,211.173,11.3711,145.467,"AD"
"GSM238865",172.095,6906.64,488.641,1542,5.54313,42.7351,242.888,275.358,1948.99,3172.47,203.841,3253.76,1247.07,64.1687,99.2042,331.702,6010.58,177.611,94.9824,130.187,"AD"
"GSM238867",301.012,5692.35,195.392,942.407,56.4526,62.787,129.122,170.96,267.138,556.236,170.515,630.423,945.365,67.217,157.53,297.445,4172.73,115.948,17.3273,84.1319,"AD"
"GSM238868",1263.67,4039.87,374.182,690.505,148.223,87.6442,395.152,164.694,623.535,1657.71,165.038,1264.5,810.425,60.3664,77.122,249.01,1952.73,187.028,2.87268,141.491,"AD"
"GSM238870",1014.5,4006.87,386.657,1438.83,52.7937,180.25,215.554,129.712,835.445,1690.75,242.741,1644.26,1074.48,25.3927,103.884,241.407,3569.1,210.941,46.9847,231.599,"AD"
"GSM238871",604.07,4299.98,308.012,1113.44,76.645,72.1156,191.016,125.513,435.226,2008.23,119.718,1014.95,886.59,59.0333,37.033,199.593,5149.18,216.084,55.9074,107.129,"AD"
"GSM238872",1197.19,3813.98,220.753,1175.85,97.6418,119.959,152.208,151.11,922.517,686.02,144.621,1346.78,1046.5,87.6093,138.341,308.77,4458.99,116.138,53.103,103.613,"AD"
"GSM238873",2058.97,5439.72,362.413,1144.17,76.1755,143.539,186.778,193.378,624.562,1856.06,214.279,1051.57,901.041,107.111,153.868,160.299,4942.18,151.86,46.0226,89.1391,"AD"
"GSM238874",1423.2,5316.16,401.07,1405.5,136.464,128.752,151.118,196.505,865.487,1675.5,171.712,1413.75,719.099,5.52801,305.561,217.262,4668.8,336.993,39.1578,171.678,"AD"
"GSM238875",939.822,5293.34,534.601,2532.26,82.9572,239.36,145.922,282.986,526.128,1587.22,407.894,1704.86,964.469,113.118,203.641,339.516,9707,260.519,59.8703,149.556,"AD"
"GSM238877",1633.3,4002.76,303.497,1144.61,290.219,54.7691,123.564,167.028,601.144,1992.96,217.91,1824.03,1056.52,20.4821,143.176,224.413,2799.18,172.123,31.7882,285.474,"AD"
"GSM238941",28.6709,5293.61,255.033,876.71,182.462,303.615,294.536,143.794,418.198,217.516,14.9721,451.866,1321.27,6.4732,11.2766,296.925,3492.33,20.8886,87.9474,20.958,"AD"
"GSM238942",1278.18,3974.86,446.657,2044.03,74.8985,180.967,229.664,311.27,637.262,1829.4,242.106,2271.36,1298.95,53.4775,229.837,452.774,6442.41,411.092,36.4205,100.089,"AD"
"GSM238943",419.875,2706.13,224.584,460.72,142.635,49.1902,526.667,198.746,223.473,252.411,412.222,504.226,531.775,59.0294,113.069,297.41,1525.75,12.4945,55.1687,149.538,"AD"
"GSM238944",868.971,5460.01,273.589,625.278,35.6506,43.7089,249.451,234.305,422.124,1247.28,196.736,532.815,1340.78,8.90397,13.4004,509.599,1663.96,182.627,6.25545,259.117,"AD"
"GSM238945",895.895,3900.53,279.253,904.26,316.167,187.218,124.644,204.167,602.742,1011.35,211.074,793.935,837.192,11.8187,36.5196,289.801,3340.68,387.693,5.00774,211.062,"AD"
"GSM238946",1389.5,8201.37,452.573,765.351,118.884,102.905,229.63,169.792,377.718,2828.91,115.373,1146.48,1770.78,23.3031,111.666,148.768,1729.81,196.866,55.7099,387.578,"AD"
"GSM238947",478.524,4605.56,296.18,566.854,94.4139,31.5812,226.435,72.0856,457.777,251.084,85.3201,271.946,1049.24,9.98894,89.4627,210.514,2262.27,282.946,12.4963,201.795,"AD"
"GSM238948",1400.11,5222.69,206.106,475.684,181.75,93.4023,75.9781,223.666,444.861,1047.14,12.3834,447.5,796.453,7.06165,11.6131,193.075,1311.98,181.498,118.301,186.177,"AD"
"GSM238949",1436.47,6157.93,337.405,688.732,222.34,54.1974,166.221,292.937,246.767,560.144,268.479,522.214,1132.69,158.594,109.502,362.137,5183.51,241.94,103.906,266.039,"AD"
"GSM238951",1332.05,4266.29,721.27,2523.58,58.8225,244.546,120.161,414.93,904.614,2909.12,379.201,3376.71,1491.49,95.344,247.479,347.391,9452.92,520.06,21.9657,292.659,"AD"
"GSM238952",1249.63,5060.91,308.495,844.554,81.561,112.982,201.214,162.206,569.45,1193.82,164.276,908.589,1021.78,21.2458,202.246,231.439,3872.84,288.511,21.8738,290.599,"AD"
"GSM238953",1186.29,3772.41,725.246,3042.55,57.0648,271.211,158.863,270.766,1171.54,2672.92,434.446,2422.96,1965.52,66.5891,366.789,326.626,7109.41,313.437,12.0873,304.692,"AD"
"GSM238955",298.05,6425.49,341.843,864.305,41.4378,246.646,186.544,159.768,225.524,333.234,101.09,268.182,1209.31,55.7092,50.2115,410.676,3440.53,292.306,19.2867,41.9218,"AD"
"GSM238963",168.364,4694.08,125.746,712.312,112.759,310.484,247.022,59.127,353.964,382.643,139.654,469.382,731.131,17.3115,8.77219,297.894,7120.05,160.062,29.5202,129.254,"AD"
