"logFC","AveExpr","t","P.Value","adj.P.Val","B","colour"
-651.877677331148,854.854354844721,-10.943895515674,3.68429202457854e-21,1.47459852665347e-16,7.10202605841421,"Downregulated"
-209.852511043607,185.16295442236,-10.883450986397,5.39405039470863e-21,1.47459852665347e-16,7.02096461363424,"Downregulated"
-5279.69898632787,4066.60713975155,-10.7843394641877,1.00720924783965e-20,1.83563885418776e-16,6.88754110287023,"Downregulated"
-602.242864478688,561.889162298137,-10.434040748189,9.09211703852182e-20,1.24277874770295e-15,6.41110429178192,"Downregulated"
-953.157543598361,1029.72434409317,-10.1362760130831,5.84257503076223e-19,6.3888557961385e-15,6.00049480089704,"Downregulated"
-183.155568195902,239.141951463975,-10.0252540066212,1.16594149488525e-18,1.06246418721418e-14,5.84616537211173,"Downregulated"
-291.099548644263,389.976984273292,-9.61469987956794,1.47901720270576e-17,1.13342007026519e-13,5.27015777757572,"Downregulated"
-765.010935053607,764.469075521739,-9.59610253178187,1.65841071095043e-17,1.13342007026519e-13,5.24388165408068,"Downregulated"
-6276.94545660656,4852.54809751553,-9.5035658769622,2.92902222524265e-17,1.77938100183491e-13,5.11291786000504,"Downregulated"
-1040.52194203279,1113.75626751553,-9.39541172066133,5.68406323731596e-17,3.1077615750025e-13,4.95940567684534,"Downregulated"
-1615.07075120164,1503.53104099379,-9.35979484533749,7.06787741014007e-17,3.51305633999462e-13,4.90875098636756,"Downregulated"
-78.9093700727869,76.635967031677,-9.32009910231486,9.00826713964877e-17,4.10439171550247e-13,4.85223854019403,"Downregulated"
-158.949753297295,114.476485419255,-9.19499035963959,1.93136201102872e-16,8.12286291946119e-13,4.67375316239172,"Downregulated"
-90.5528255790164,104.750683416149,-9.18252499570187,2.08351173594606e-16,8.13685744020361e-13,4.65593949740017,"Downregulated"
-180.990818142459,194.250054621118,-9.16388204991595,2.33359120617026e-16,8.50593994649061e-13,4.62928793562147,"Downregulated"
-285.958849406557,319.557861428571,-9.14786406177994,2.57216594479578e-16,8.78957331448185e-13,4.6063796760925,"Downregulated"
-1448.33424686885,1564.91925513043,-9.12564578642143,2.94375153839936e-16,9.42140378129788e-13,4.57459001635117,"Downregulated"
-390.820899279016,475.425186885714,-9.11703580726426,3.10169671812276e-16,9.42140378129788e-13,4.56226662843876,"Downregulated"
-393.035223612197,359.958418606211,-9.09108132517222,3.63064703046291e-16,1.04476645468716e-12,4.52510379165597,"Downregulated"
-1284.69279693443,1303.68005132919,-9.07760850991956,3.9396656692333e-16,1.07700610232665e-12,4.50580435721547,"Downregulated"
-110.278675608197,171.999477701863,-9.00613171064995,6.07297475481346e-16,1.58114235580679e-12,4.40332225558473,"Downregulated"
-2668.64726945902,2061.75106459627,-8.96321008826611,7.87124220611677e-16,1.95618258008834e-12,4.34170900280417,"Downregulated"
-3747.71228159016,5026.09992111801,-8.94644153023869,8.70973702758627e-16,2.07045596514469e-12,4.31762369532198,"Downregulated"
-109.84539324541,114.093487149068,-8.93393157830882,9.3925930075941e-16,2.13975009454253e-12,4.29965005276054,"Downregulated"
-1550.37426704098,1464.17781428571,-8.92196572880649,1.00954777546132e-15,2.20788098493391e-12,4.2824540978986,"Downregulated"
-1684.16122039836,1613.05179428571,-8.90495043786729,1.11859100955686e-15,2.35226782490466e-12,4.25799493085257,"Downregulated"
-559.788429357377,634.703389937888,-8.88521014557855,1.2598421033996e-15,2.55118025938419e-12,4.22960887557403,"Downregulated"
-1681.14442113115,1676.55214068323,-8.87903494176725,1.30756817880006e-15,2.55326036342477e-12,4.22072696402136,"Downregulated"
-3917.28837121312,3146.74501,-8.84539698472817,1.60090446041718e-15,3.01825694390723e-12,4.17232746745454,"Downregulated"
-1438.76267859016,1289.33374931677,-8.83628705071626,1.69103559995506e-15,3.08191238091809e-12,4.15921479545854,"Downregulated"
-175.850859457213,153.059944658385,-8.81946518155952,1.87092507914459e-15,3.22018936710797e-12,4.13499625065374,"Downregulated"
-2819.16595134426,2474.29272195652,-8.81824397377738,1.88470159574677e-15,3.22018936710797e-12,4.1332377977111,"Downregulated"
-778.484442337705,712.61833821118,-8.79292373099864,2.19418115278092e-15,3.55601528836978e-12,4.09677024553392,"Downregulated"
-338.745782772295,290.619891950311,-8.79162649508141,2.21133095207266e-15,3.55601528836978e-12,4.09490148125724,"Downregulated"
-167.857819004918,175.638813795031,-8.76409953601202,2.60834414449438e-15,4.07460617429229e-12,4.05523748376433,"Downregulated"
-973.040130977049,811.886725217391,-8.7347139523171,3.11054672587484e-15,4.72414283992241e-12,4.01287604478211,"Downregulated"
-651.737154380327,671.464623229814,-8.71486601596863,3.50300099691257e-15,5.17639404070796e-12,3.98425286603118,"Downregulated"
-280.408891519672,334.216194453416,-8.69343473471891,3.98214106634088e-15,5.72956744216283e-12,3.95333668621898,"Downregulated"
-291.928006814754,319.226019751553,-8.67533391728642,4.43716062220614e-15,6.22055787228515e-12,3.92721735687751,"Downregulated"
-350.847123503279,473.41574378882,-8.66442705167225,4.73590284357e-15,6.47338719930475e-12,3.91147556087053,"Downregulated"
-4512.04925336885,4346.7278816646,-8.63606105852027,5.60972452869162e-15,7.30126194463386e-12,3.8705238918633,"Downregulated"
-120.061546754098,132.376424465839,-8.63176145868789,5.75547417411921e-15,7.30126194463386e-12,3.8643152182228,"Downregulated"
-189.521489280328,199.966677447205,-8.63165110209297,5.75926418926926e-15,7.30126194463386e-12,3.86415585724023,"Downregulated"
-253.621141213115,366.105998074534,-8.62829459940294,5.87572977711733e-15,7.30126194463386e-12,3.85930877019281,"Downregulated"
-374.535389136066,390.239304354037,-8.621420227782,6.12161286774831e-15,7.43775963431419e-12,3.84938089027174,"Downregulated"
-6182.63379759017,6515.97393869565,-8.61712684248538,6.28033656182709e-15,7.46472611995426e-12,3.84317997853916,"Downregulated"
114.59846279518,133.33546328882,8.60589900639503,6.71501100131755e-15,7.72595177127482e-12,3.82696202825224,"Upregulated"
-1461.76946840984,1778.77682657143,-8.60421511871282,6.78272857834826e-15,7.72595177127482e-12,3.82452954711409,"Downregulated"
-124.989785354754,126.508388062112,-8.59254745535165,7.27094734306617e-15,8.05950300340521e-12,3.80767343235427,"Downregulated"
-135.909217228197,122.53077363354,-8.59026695139922,7.37037311696864e-15,8.05950300340521e-12,3.80437852663191,"Downregulated"
-2229.82150804918,1910.63244391304,-8.58523462750592,7.5945766287221e-15,8.14183288579178e-12,3.79710741568452,"Downregulated"
-502.874257309836,521.20878621118,-8.56598027240799,8.51673230886763e-15,8.95485267283342e-12,3.76928295721181,"Downregulated"
-124.10397054164,231.994944385093,-8.54940595806478,9.39905057882952e-15,9.69609604523592e-12,3.74532620785768,"Downregulated"
-1278.94124818361,1092.06065040683,-8.53938184208126,9.9761281875757e-15,1.01008297899204e-11,3.73083492532578,"Downregulated"
-136.934537149016,165.636110913043,-8.53564811561375,1.01999542468165e-14,1.01396817899035e-11,3.72543686147388,"Downregulated"
-2033.92019178689,1743.11768783851,-8.52568159973802,1.08221398745059e-14,1.05440023024495e-11,3.71102656101665,"Downregulated"
-963.421972721312,1292.38692590062,-8.52259496706539,1.10223686137391e-14,1.05440023024495e-11,3.70656335597104,"Downregulated"
-633.059273895082,663.351084347826,-8.52012525020065,1.11852242074453e-14,1.05440023024495e-11,3.70299208630942,"Downregulated"
-1468.19236817377,1611.305904,-8.47828923725631,1.43366353905748e-14,1.32856871182996e-11,3.6424815510237,"Downregulated"
-309.870016345902,315.821546583851,-8.46373988827214,1.56276564912607e-14,1.42407019776614e-11,3.62143149580898,"Downregulated"
-1646.68852765738,1040.15278918012,-8.46089845904978,1.58929443538313e-14,1.42450284023889e-11,3.61732014286228,"Downregulated"
-731.039512873771,827.190233335404,-8.45631180747881,1.63306390976364e-14,1.44012531074721e-11,3.61068332716972,"Downregulated"
-1535.38500210984,1862.25408159627,-8.44791920868033,1.71627394617204e-14,1.48379808130051e-11,3.59853858571233,"Downregulated"
-149.670563768197,156.34491342236,-8.44590479322138,1.73686469507513e-14,1.48379808130051e-11,3.59562342222577,"Downregulated"
-4575.06820586065,5020.12312763975,-8.43424655567265,1.86094040520471e-14,1.56533717930104e-11,3.57875108307248,"Downregulated"
-5977.59113106557,7330.5385136646,-8.43006915990239,1.90750852243414e-14,1.57848362295357e-11,3.57270490921596,"Downregulated"
-302.354812503279,402.664125614907,-8.42771059507656,1.93431006379313e-14,1.57848362295357e-11,3.56929112468268,"Downregulated"
-3769.35921029508,5242.88952149068,-8.41986829219507,2.02614297614202e-14,1.59735229377679e-11,3.55793964683842,"Downregulated"
-3637.89132906558,3746.82782434783,-8.41923364370702,2.03376126944617e-14,1.59735229377679e-11,3.55702097808512,"Downregulated"
-1568.08654793279,1701.67384307453,-8.41829520572546,2.04507838252172e-14,1.59735229377679e-11,3.55566255708806,"Downregulated"
-8472.35683918032,11418.0701686957,-8.37385309169118,2.65906953942098e-14,2.04767080377242e-11,3.49131824329572,"Downregulated"
-376.908551206557,458.300703416149,-8.36753587252802,2.76006446444176e-14,2.09592395268546e-11,3.48217007124883,"Downregulated"
-3401.83690218033,3504.72567391304,-8.36333776910536,2.82927721366496e-14,2.11905111859084e-11,3.47609040306814,"Downregulated"
-1256.1896796,1045.54129698137,-8.34897453243951,3.07936879160512e-14,2.26357758581794e-11,3.45528813134543,"Downregulated"
-330.511480269508,245.512416521739,-8.34756601721623,3.10504469933874e-14,2.26357758581794e-11,3.4532480548692,"Downregulated"
-207.725023068689,205.348933819876,-8.34384179786032,3.1739619637277e-14,2.26777626969864e-11,3.44785383541709,"Downregulated"
-6837.96738596722,6766.32331018634,-8.34278681917705,3.19375898979049e-14,2.26777626969864e-11,3.44632575971803,"Downregulated"
-6723.89088767213,5643.7767357764,-8.33506150222266,3.34251034899269e-14,2.32817255878767e-11,3.43513571811259,"Downregulated"
-204.008926146721,264.89352947205,-8.33397473807611,3.36398046903019e-14,2.32817255878767e-11,3.43356150029607,"Downregulated"
-2754.39005826229,2497.95463283851,-8.33092142201512,3.42503706761293e-14,2.34079877089671e-11,3.42913859292346,"Downregulated"
-973.642252136885,898.264602329193,-8.32838833570044,3.47652450908406e-14,2.34665404363174e-11,3.42546919453689,"Downregulated"
-934.890292804919,1540.45697720497,-8.31901494278164,3.67381715902768e-14,2.44958479475413e-11,3.41189043278613,"Downregulated"
-5256.65369806885,5005.51852493168,-8.31293268775655,3.80774131071143e-14,2.46366926918877e-11,3.40307889893583,"Downregulated"
-229.188199527869,287.78673836646,-8.31263931922656,3.81432202453348e-14,2.46366926918877e-11,3.40265387834771,"Downregulated"
-211.671407214754,198.760444378882,-8.30845103509353,3.9095119045049e-14,2.46366926918877e-11,3.39658596706177,"Downregulated"
-250.152162140984,293.84458678882,-8.30731893896338,3.93564407658935e-14,2.46366926918877e-11,3.39494577679045,"Downregulated"
-642.095094381148,593.786168322981,-8.30663532900917,3.95150770896837e-14,2.46366926918877e-11,3.3939553509512,"Downregulated"
-146.131935223607,170.309579826087,-8.30604309627281,3.96530216165728e-14,2.46366926918877e-11,3.39309731031298,"Downregulated"
-123.388658741311,127.918354648447,-8.30287584457406,4.03988993163955e-14,2.48180878665609e-11,3.38850846424746,"Downregulated"
-3534.96267852459,3252.49609565217,-8.2976832278159,4.16519842658284e-14,2.51766464641891e-11,3.38098497653456,"Downregulated"
-1303.69221739672,1218.86965031677,-8.29665961067484,4.19035176633052e-14,2.51766464641891e-11,3.37950184608221,"Downregulated"
-320.491839339344,340.413615391304,-8.28659398625304,4.44586531810329e-14,2.63223078336079e-11,3.36491712790521,"Downregulated"
-747.455573032786,668.544628136646,-8.28403417781543,4.51327447824999e-14,2.63223078336079e-11,3.36120791140033,"Downregulated"
-285.682661227049,324.682066652174,-8.28357537893404,4.52546307518819e-14,2.63223078336079e-11,3.36054309585599,"Downregulated"
-95.1029382763935,115.927620018634,-8.26313429615965,5.10296980822905e-14,2.93689341331498e-11,3.33092137312315,"Downregulated"
-276.213343622557,259.49896061118,-8.25771573926896,5.26794902831417e-14,3.00026159503206e-11,3.32306859852019,"Downregulated"
-404.832504985246,469.291196024845,-8.2541879740203,5.37819257104829e-14,3.03147091569139e-11,3.31795589979506,"Downregulated"
-213.735439562295,249.946926857143,-8.24372272003941,5.718883240637e-14,3.19061164471253e-11,3.3027882909951,"Downregulated"
-193.141769343114,279.157349322981,-8.24183308235839,5.78264283904946e-14,3.19359593156595e-11,3.30004949030338,"Downregulated"
-117.221370469836,133.293491770186,-8.23482763606781,6.02523355034655e-14,3.29429644365197e-11,3.28989570694585,"Downregulated"
-629.25902892623,1039.05292708075,-8.21949299257805,6.59206342910948e-14,3.56852542560951e-11,3.26766821206817,"Downregulated"
-444.04897010164,364.526142173913,-8.21419202036501,6.80006620322602e-14,3.6450354868763e-11,3.25998408891478,"Downregulated"
-253.570057173115,206.369350291925,-8.20623333828394,7.12464072109945e-14,3.78193914005934e-11,3.24844707417032,"Downregulated"
-3751.55706298361,3878.03141453416,-8.19212007010274,7.73844987271599e-14,4.02845916863633e-11,3.22798727367868,"Downregulated"
-161.649072093934,144.937621095031,-8.18928560289088,7.86790989804864e-14,4.02845916863633e-11,3.22387803774333,"Downregulated"
-157.969918863115,139.130067186335,-8.18898324131631,7.88184599537026e-14,4.02845916863633e-11,3.22343968968925,"Downregulated"
-187.242839188951,258.88569850559,-8.188941536734,7.88377011511819e-14,4.02845916863633e-11,3.22337922851595,"Downregulated"
-4686.83398844754,4904.17796968944,-8.18700751497147,7.97351359137236e-14,4.03659125563226e-11,3.22057537109115,"Downregulated"
-91.9896071619672,123.805215118012,-8.18058240887916,8.2789931515902e-14,4.15278853727701e-11,3.21126038378054,"Downregulated"
-1074.67718177869,1633.54308813665,-8.17650718719156,8.47873630570572e-14,4.21431734104055e-11,3.20535208727142,"Downregulated"
-261.749371747541,448.457185614907,-8.17016230981027,8.79928007909034e-14,4.33423998490328e-11,3.19615303675165,"Downregulated"
-438.89105167377,630.293807888199,-8.16250949968589,9.20192993452774e-14,4.49210284973486e-11,3.18505740528306,"Downregulated"
-7807.75997098361,10815.4502043354,-8.15713041012816,9.49583486378329e-14,4.5945554971447e-11,3.17725820654874,"Downregulated"
-2417.93185115246,1826.16542329193,-8.15236366911773,9.76405259434531e-14,4.66476519004755e-11,3.17034673762461,"Downregulated"
-2650.82167127869,2196.93561552795,-8.151532627019,9.8115774459162e-14,4.66476519004755e-11,3.16914176850508,"Downregulated"
-8007.89799914754,8067.35054223602,-8.13715713160039,1.06709425163292e-13,5.02960156965776e-11,3.14829751588269,"Downregulated"
-200.596441042623,231.72123068323,-8.13479382794199,1.08191963380338e-13,5.05589367335039e-11,3.14487067261857,"Downregulated"
-4740.00474808197,5002.55056708075,-8.11132523502316,1.24069100261466e-13,5.74871021762345e-11,3.11083946438778,"Downregulated"
-126.693752539344,138.765968875776,-8.10918745670919,1.25625375744745e-13,5.77190539398648e-11,3.10773942451304,"Downregulated"
-5609.97765592951,6319.32813484472,-8.09699401254343,1.34879390593835e-13,6.1454422339316e-11,3.09005715030677,"Downregulated"
-528.183472144263,690.395860931677,-8.09096698637516,1.39700052758262e-13,6.3124796566595e-11,3.08131691268476,"Downregulated"
-499.589596164262,692.059549347826,-8.0885747024862,1.41660525603105e-13,6.33905622912648e-11,3.07784765554257,"Downregulated"
-8037.15586896722,11047.8628431056,-8.08743145439799,1.42607026279389e-13,6.33905622912648e-11,3.07618972733437,"Downregulated"
-1472.03946668033,1937.87235742857,-8.08427737564773,1.45250945408703e-13,6.40451245179098e-11,3.0716156921776,"Downregulated"
-209.861726318033,368.134336583851,-8.08031564164244,1.48640855900262e-13,6.41830517945693e-11,3.06587036130089,"Downregulated"
-377.812808920656,355.337460416149,-8.07801146973532,1.50648414395376e-13,6.41830517945693e-11,3.06252881912317,"Downregulated"
-2658.24162993443,2985.44767921118,-8.07798915697615,1.50667985719813e-13,6.41830517945693e-11,3.0624964607863,"Downregulated"
-1726.97014600984,1393.94723080745,-8.07736537449689,1.51216149504569e-13,6.41830517945693e-11,3.0615918405111,"Downregulated"
-7473.98060340983,8564.26299813665,-8.07711892957751,1.5143326349336e-13,6.41830517945693e-11,3.06123444151799,"Downregulated"
-7643.25058772131,8606.22446322981,-8.07520876825046,1.53126601531949e-13,6.4401514913533e-11,3.05846428529224,"Downregulated"
-7281.5681942623,6456.72503412422,-8.07156831873651,1.5640598307374e-13,6.527860400425e-11,3.05318480556723,"Downregulated"
-967.634389872131,1150.54773068323,-8.07001307120693,1.57828121182719e-13,6.53731251944328e-11,3.05092933402906,"Downregulated"
-233.35472642623,190.475088859006,-8.06057249696977,1.66740027722892e-13,6.83607656746741e-11,3.03723819406428,"Downregulated"
-484.707315768852,602.560829291925,-8.05974794141906,1.67541702796641e-13,6.83607656746741e-11,3.03604237888772,"Downregulated"
-2326.13569808197,2098.0883976646,-8.05483634510199,1.72396814554827e-13,6.98207098947050e-11,3.02891929094332,"Downregulated"
-1049.64472546885,892.995832236025,-8.03679788260857,1.91455282939202e-13,7.69692470198593e-11,3.00275853716111,"Downregulated"
-8436.90300783607,7452.5111426087,-8.03197262373475,1.96898257355674e-13,7.85796512476022e-11,2.99576051406875,"Downregulated"
-1272.48531910328,967.704929565217,-8.02463886690688,2.05466004766908e-13,8.14047377581935e-11,2.985124404994,"Downregulated"
-177.830850279508,180.134979656522,-8.00101237127141,2.35661085943318e-13,9.21704783568436e-11,2.95085886253948,"Downregulated"
-1518.41637157869,2169.14184453416,-8.00075701617155,2.36010369820907e-13,9.21704783568436e-11,2.95048852038636,"Downregulated"
-6912.67856526229,8371.49332329192,-7.99817010555473,2.39577903341984e-13,9.29001550725034e-11,2.94673671809028,"Downregulated"
-321.090649740983,414.43705136646,-7.99574900261268,2.4296518643875e-13,9.35501518911175e-11,2.94322538867456,"Downregulated"
-2546.60885891803,2253.18887204969,-7.99195432015905,2.48369959502153e-13,9.49624303201413e-11,2.93772195907843,"Downregulated"
-4500.04227172623,4591.83724279503,-7.98639907688695,2.56497951453892e-13,9.73890659426497e-11,2.92966520039822,"Downregulated"
-299.683586162951,420.155782229814,-7.9797586714147,2.66560268170678e-13,1.00511604567116e-10,2.92003466067759,"Downregulated"
-1872.46376439344,2299.6465267205,-7.9702901803244,2.81588260955787e-13,1.05450946354504e-10,2.90630263625875,"Downregulated"
-92.8771833170492,122.643617875776,-7.96562169503972,2.89304035959805e-13,1.07291048477284e-10,2.89953203361653,"Downregulated"
-8164.41535752459,9701.80718906832,-7.96495277532277,2.90426614991092e-13,1.07291048477284e-10,2.89856191627818,"Downregulated"
-514.986266629508,448.624471875776,-7.96287902048202,2.93934298646012e-13,1.07858105895777e-10,2.89555440613105,"Downregulated"
-7180.4855307705,8819.39197267081,-7.95773615708081,3.02815523954016e-13,1.10376258481239e-10,2.88809587935947,"Downregulated"
-484.31950167541,542.453505217391,-7.9504482629298,3.15858302330659e-13,1.14367898542575e-10,2.87752656015302,"Downregulated"
-267.168025629508,287.519863167702,-7.94628783310195,3.23552107463893e-13,1.16382970234134e-10,2.87149291207867,"Downregulated"
-538.909329879672,710.198008968944,-7.94233558910376,3.31032861096487e-13,1.17332080465187e-10,2.86576121733011,"Downregulated"
-271.797188683607,364.17599136646,-7.94061863310838,3.34335869435771e-13,1.17332080465187e-10,2.86327123280322,"Downregulated"
-149.808228154869,237.005162411801,-7.94061056435516,3.34351468627558e-13,1.17332080465187e-10,2.86325953125449,"Downregulated"
-512.731604903279,562.407285459627,-7.94039180877299,3.34774660312192e-13,1.17332080465187e-10,2.86294228538142,"Downregulated"
-3768.52503927869,4512.25297111801,-7.92529507462855,3.65299364993809e-13,1.27214922172207e-10,2.84104882931898,"Downregulated"
-994.854655859016,1144.37035596273,-7.92230222019001,3.71670592631249e-13,1.28556486058968e-10,2.83670862850748,"Downregulated"
-104.55526998541,103.822857993789,-7.92128814452845,3.73854253010989e-13,1.28556486058968e-10,2.83523803417764,"Downregulated"
-372.087202295082,467.576838757764,-7.91988589132001,3.76894757957687e-13,1.28792005570853e-10,2.83320451664308,"Downregulated"
-312.607059088525,476.862429478261,-7.91652116524968,3.84290814324513e-13,1.30503728404924e-10,2.82832508681606,"Downregulated"
-1461.28472387705,1218.01150809938,-7.91376568671689,3.90454664848203e-13,1.31778449386269e-10,2.82432919612099,"Downregulated"
-1281.87634178361,1099.00425540373,-7.90607295413129,4.08186308604585e-13,1.36917708116292e-10,2.81317361540447,"Downregulated"
-5565.23716662295,5630.57358503106,-7.89991699940744,4.22948607253571e-13,1.41004360375543e-10,2.80424673096413,"Downregulated"
-238.518621490164,276.319115484472,-7.89681325434297,4.30590952807295e-13,1.42682183907508e-10,2.79974597410424,"Downregulated"
-437.74739058959,380.605547338509,-7.89477804051245,4.35676383062109e-13,1.43497627975426e-10,2.79679471942841,"Downregulated"
-4730.47531434426,5995.16991428571,-7.88530235912382,4.60148199924914e-13,1.50650316352663e-10,2.78305428768977,"Downregulated"
-259.012940923279,285.383139745342,-7.86834451933199,5.07390955782098e-13,1.65128574448727e-10,2.75846512525402,"Downregulated"
-210.613471706885,194.985072850932,-7.86264279315243,5.24330984259351e-13,1.6963193233361e-10,2.75019782015121,"Downregulated"
-465.955937947541,536.077256093168,-7.8584294383545,5.37207956904711e-13,1.72775559080971e-10,2.74408870444718,"Downregulated"
-522.498975281967,735.527250062112,-7.85517052262802,5.47382430259669e-13,1.75018329675131e-10,2.73936353068913,"Downregulated"
-902.682425129508,1232.60617948447,-7.85303859956726,5.54141457120871e-13,1.75414242472448e-10,2.73627243817829,"Downregulated"
-74.7399271944263,103.216500906832,-7.85249410481219,5.55880933938938e-13,1.75414242472448e-10,2.7354829746443,"Downregulated"
-94.6281276501639,88.9899510248447,-7.85175661318053,5.58245600186665e-13,1.75414242472448e-10,2.73441368722801,"Downregulated"
-408.131497027869,414.479156086957,-7.84880710437486,5.67802851882098e-13,1.77397833866593e-10,2.73013723020946,"Downregulated"
-130.567998542131,135.538221931677,-7.84597143872909,5.77144018299154e-13,1.79291756821058e-10,2.72602587737519,"Downregulated"
640.579946050163,840.093061298137,7.84408774759598,5.83433223384496e-13,1.80221533833601e-10,2.72329479037898,"Upregulated"
-4450.38981273279,4033.11516904348,-7.83838815636671,6.02879350860335e-13,1.84308965981184e-10,2.71503130683209,"Downregulated"
-8169.33536288853,10432.6298652795,-7.83765877427613,6.05413791121886e-13,1.84308965981184e-10,2.7139738344181,"Downregulated"
-325.438024225246,277.859410111801,-7.83726728241762,6.06778488826942e-13,1.84308965981184e-10,2.71340624314023,"Downregulated"
-973.124084918033,1104.12311745342,-7.83615893367425,6.10658622046323e-13,1.84462763317032e-10,2.71179934590629,"Downregulated"
-88.2238353239344,143.096957919255,-7.8332206241311,6.21064503130752e-13,1.86575284113593e-10,2.70753938460084,"Downregulated"
-134.881991548361,206.212516596273,-7.83059527092058,6.30510566281818e-13,1.88377951975183e-10,2.70373319088407,"Downregulated"
-256.365912975574,225.213928745342,-7.82596274004053,6.47526938544967e-13,1.9241051828775e-10,2.6970171262425,"Downregulated"
-124.173488319016,205.519678198758,-7.82085609109193,6.66812423047734e-13,1.97070103946675e-10,2.68961385814999,"Downregulated"
-415.874267930492,438.397276055901,-7.8198244003783,6.70777196155202e-13,1.97176038708525e-10,2.68811820406916,"Downregulated"
-286.902108093443,312.474090254658,-7.81157834641416,7.03317479017256e-13,2.05635738851703e-10,2.67616405249228,"Downregulated"
-667.750809811475,1006.10496552795,-7.80417742540818,7.33851663501279e-13,2.1342201969113e-10,2.66543546306628,"Downregulated"
-265.851185562295,280.351775285714,-7.79907312050857,7.55672203175125e-13,2.18602607701469e-10,2.65803633684947,"Downregulated"
-556.696909247541,717.322528354037,-7.79755782073739,7.62272860434733e-13,2.18602607701469e-10,2.65583981603358,"Downregulated"
-178.629917998361,210.57175447205,-7.79724108300165,7.63659772674543e-13,2.18602607701469e-10,2.65538068716937,"Downregulated"
-202.396612026229,265.839548043478,-7.79564812834168,7.70672897415467e-13,2.19461149303076e-10,2.65307162231372,"Downregulated"
-685.951656973771,706.697087776398,-7.79375064857317,7.79110024963197e-13,2.20714200077009e-10,2.65032115771522,"Downregulated"
-499.585645167213,544.283005006211,-7.79045266268511,7.93992771935766e-13,2.23770901059732e-10,2.64554067267933,"Downregulated"
-510.029597827869,483.769050248447,-7.78834686590979,8.03642515418435e-13,2.25328997592323e-10,2.64248832787914,"Downregulated"
-8476.21627165574,10181.2304051429,-7.78099496852817,8.38252112059411e-13,2.33252003387402e-10,2.63183204369854,"Downregulated"
-662.908251131148,760.079786770186,-7.78054193323463,8.40432458478615e-13,2.33252003387402e-10,2.63117540063292,"Downregulated"
-1347.37844372131,1907.4011657764,-7.77930393795828,8.46419314872162e-13,2.33727151720381e-10,2.62938102100878,"Downregulated"
-129.542042633279,181.974642757764,-7.77722001605441,8.56592564110015e-13,2.35347730867915e-10,2.62636056259224,"Downregulated"
-2373.35430385245,2683.67446086957,-7.76521398073991,9.17606726849058e-13,2.50850738952361e-10,2.60895956980992,"Downregulated"
-2655.96517877049,3271.34419786957,-7.76262881767306,9.31297319765902e-13,2.53326770936322e-10,2.60521290964918,"Downregulated"
-78.9911012619673,89.9312162670807,-7.75646510367161,9.64760987373237e-13,2.61130232597187e-10,2.59628010799341,"Downregulated"
-47.6642444239836,56.9058471807453,-7.75073759582711,9.96922719870269e-13,2.68506156201512e-10,2.58797977636009,"Downregulated"
-322.252287590164,502.521604223602,-7.74728003655304,1.01684965747441e-12,2.72530661874574e-10,2.58296920569273,"Downregulated"
-2083.85303378689,1701.62092826087,-7.73918015316732,1.06508956086088e-12,2.84067179219847e-10,2.57123157012583,"Downregulated"
-334.818243327869,489.970548509317,-7.73785873945088,1.07317163256355e-12,2.84833296167049e-10,2.56931675148388,"Downregulated"
-150.340646171311,193.078701385093,-7.73480097638039,1.09210725556094e-12,2.87509552905312e-10,2.56488590688813,"Downregulated"
-284.216203937918,243.84948401677,-7.73453465748072,1.09377205311943e-12,2.87509552905312e-10,2.56450000226716,"Downregulated"
-438.860489791804,653.660135341615,-7.73145812017555,1.11318711253789e-12,2.91212944392388e-10,2.56004204997935,"Downregulated"
5056.87919257377,5974.72714957764,7.72896323097069,1.12918187778262e-12,2.93990567465546e-10,2.55642698172763,"Upregulated"
-140.834487332623,240.994486590062,-7.7270294647043,1.14173566801079e-12,2.94738550032051e-10,2.55362501609951,"Downregulated"
-1348.03652914157,1129.04705641242,-7.72686093618466,1.14283626166977e-12,2.94738550032051e-10,2.55338082537271,"Downregulated"
-219.288448465738,222.447935397516,-7.72340428485693,1.16564351162357e-12,2.99209197173796e-10,2.54837234450029,"Downregulated"
-303.376203165574,314.41745173913,-7.71971931342741,1.19045376134267e-12,3.04149810286964e-10,2.54303317138832,"Downregulated"
-68.0004217718032,74.2697373770186,-7.71854438813407,1.19847373899978e-12,3.04774658975875e-10,2.54133084486449,"Downregulated"
-421.275431790164,620.740305714286,-7.71620305010609,1.21461548039413e-12,3.06280282286394e-10,2.53793856691142,"Downregulated"
-481.149025947541,464.70622547205,-7.71553930308634,1.21923055199973e-12,3.06280282286394e-10,2.53697689852128,"Downregulated"
-295.995146242623,399.805153521739,-7.71525683320623,1.22119984523885e-12,3.06280282286394e-10,2.53656764402158,"Downregulated"
-570.242227059017,1040.50872878882,-7.71440831265489,1.22713443293334e-12,3.06363356715206e-10,2.53533827586784,"Downregulated"
-829.87540597541,853.474128757764,-7.70198966489415,1.31733046671126e-12,3.26012867831132e-10,2.51734652826699,"Downregulated"
-796.297934772131,994.707159130435,-7.70193179496465,1.31776577577833e-12,3.26012867831132e-10,2.51726269191647,"Downregulated"
-164.896019896721,234.534146062112,-7.68908026391804,1.41805160482608e-12,3.49243114837235e-10,2.49864553423159,"Downregulated"
-194.643286355738,253.208009503106,-7.68665670408535,1.43779349377289e-12,3.52517306152613e-10,2.49513488780341,"Downregulated"
-3652.6203854918,4025.05372252174,-7.68157681637,1.48006069188293e-12,3.6037642202446e-10,2.4877766330299,"Downregulated"
-950.702502040984,1045.72939906832,-7.68122530473793,1.48303054331054e-12,3.6037642202446e-10,2.48726747665808,"Downregulated"
-231.065257309836,297.701292049689,-7.67744122178895,1.51537757121949e-12,3.6660738365675e-10,2.48178641061099,"Downregulated"
-541.552278218033,588.227402248447,-7.67460498196825,1.54007938842529e-12,3.70942028908161e-10,2.47767835894913,"Downregulated"
-656.203908357377,825.999239254658,-7.67182550235959,1.5646735635797e-12,3.7521283810842e-10,2.47365261047533,"Downregulated"
-349.155719878688,317.568138521739,-7.6701161144204,1.5799917617369e-12,3.77231657523865e-10,2.47117680861376,"Downregulated"
-470.921784222951,580.511825,-7.66766203315578,1.60224326409166e-12,3.80881088974832e-10,2.467622486251,"Downregulated"
-401.638634957377,506.374761900621,-7.66510783976901,1.62573203826555e-12,3.8479177139467e-10,2.46392324447972,"Downregulated"
-100.901115077049,167.436242329193,-7.65686641496412,1.70387087511368e-12,4.01216230942593e-10,2.45198771413666,"Downregulated"
-310.569479153607,308.819599372671,-7.65625629499705,1.709801221941e-12,4.01216230942593e-10,2.4511041492083,"Downregulated"
-6769.84622383607,6538.94220888199,-7.65454425762254,1.72655152010564e-12,4.03415403255451e-10,2.44862483151505,"Downregulated"
-351.832130172131,424.255539273292,-7.64872369750102,1.78472330292431e-12,4.15232964201646e-10,2.44019595519095,"Downregulated"
-300.106747071148,363.724531875776,-7.64271022508822,1.84686112820196e-12,4.27869204171365e-10,2.43148816656942,"Downregulated"
-271.05048555082,441.746700099379,-7.64094376875164,1.86551773569613e-12,4.30367857380532e-10,2.42893034305297,"Downregulated"
-99.0020881580328,131.366393895652,-7.63523888470259,1.92705404878605e-12,4.42696134946963e-10,2.42066996338093,"Downregulated"
-945.015282159017,827.145058695652,-7.62733861723441,2.01560198691599e-12,4.6110058006122e-10,2.40923148580011,"Downregulated"
-1299.25822750492,1161.18467881366,-7.62195119237831,2.0782834578262e-12,4.71745842714445e-10,2.40143172908472,"Downregulated"
-2173.39886316394,1810.12794807453,-7.62185738319832,2.07939182613958e-12,4.71745842714445e-10,2.40129591836134,"Downregulated"
-899.87351110164,1499.09826325466,-7.61438137784231,2.16962938770659e-12,4.90183829639908e-10,2.39047303933916,"Downregulated"
-3196.27440685246,4174.0389621118,-7.61129743924232,2.20797306090877e-12,4.96793938704474e-10,2.38600870142597,"Downregulated"
-420.936941092459,560.229459645963,-7.60840351756735,2.24456393879764e-12,5.02957103908856e-10,2.38181955458809,"Downregulated"
-2068.09905166557,1835.75592360248,-7.6061299250567,2.27373183474856e-12,5.0741342067297e-10,2.37852845871709,"Downregulated"
-387.330193383934,478.030835298137,-7.59603962450736,2.40777364918511e-12,5.35142375078032e-10,2.36392332430799,"Downregulated"
-1022.27005627049,1132.35652426087,-7.59425944698517,2.43222063324957e-12,5.38387300092795e-10,2.36134677141056,"Downregulated"
-875.08035511541,1034.00872459627,-7.59104594506678,2.47697496603609e-12,5.46083089790416e-10,2.35669580332726,"Downregulated"
-170.803136291147,177.107060602484,-7.59023470510092,2.48840134089475e-12,5.46398969130203e-10,2.3555217028589,"Downregulated"
-607.265298527869,748.676675093168,-7.57943454346959,2.64558635795701e-12,5.78589736485198e-10,2.33989165674344,"Downregulated"
-2456.09469863934,2613.06758409938,-7.57592483267814,2.69875219324953e-12,5.87865642095291e-10,2.33481276463109,"Downregulated"
-116.489483323115,125.627211363354,-7.57474875892473,2.71680307929318e-12,5.89449239525216e-10,2.33311091381976,"Downregulated"
-877.348182409836,1238.56609614907,-7.57293118158097,2.74493534804709e-12,5.93198972942587e-10,2.33048080972081,"Downregulated"
-515.712976768853,616.386194757764,-7.57108806686687,2.77375728733659e-12,5.97067636555623e-10,2.32781380401633,"Downregulated"
-103.980279729213,131.914895290683,-7.56921459984524,2.80336081238962e-12,6.01073538891774e-10,2.32510293206481,"Downregulated"
-440.914948504918,602.564921242236,-7.56848467423834,2.81497916884469e-12,6.01206976783529e-10,2.32404675803055,"Downregulated"
-223.634039870984,425.306457186335,-7.55945142053558,2.96276852110192e-12,6.30308828370613e-10,2.3109766813051,"Downregulated"
-233.991517178688,243.484322204969,-7.55816412667345,2.98444524328093e-12,6.32114662811622e-10,2.30911422048739,"Downregulated"
-937.366355278687,1457.3685257764,-7.55757726160363,2.99437947266959e-12,6.32114662811622e-10,2.30826515102175,"Downregulated"
-399.781136196066,594.715355118012,-7.54377918317644,3.23761243949072e-12,6.80832538958288e-10,2.28830385540975,"Downregulated"
-294.107125496721,313.506939968944,-7.54105484504819,3.28789925082081e-12,6.85573406084432e-10,2.28436299938497,"Downregulated"
-71.1015337634426,98.8759230621118,-7.54105256686027,3.28794162420507e-12,6.85573406084432e-10,2.28435970395319,"Downregulated"
-484.655615427705,560.331038673913,-7.54022928285332,3.30328981627139e-12,6.85573406084432e-10,2.28316881736805,"Downregulated"
-78.613936017541,72.3274009596273,-7.53985380215072,3.31031329138162e-12,6.85573406084432e-10,2.28262568541287,"Downregulated"
-451.751940654099,744.615963267081,-7.53903624297205,3.3256571322961e-12,6.86152089465243e-10,2.28144309609688,"Downregulated"
-200.655232752459,319.690027503106,-7.53448350146227,3.41239848051026e-12,7.01401830533452e-10,2.27485781574943,"Downregulated"
-218.494261468852,335.165844459627,-7.53086825943365,3.48286964941808e-12,7.13205610793758e-10,2.26962882329468,"Downregulated"
-324.694984049344,294.949489503106,-7.52974138996598,3.50512847464109e-12,7.15085445339559e-10,2.26799899375523,"Downregulated"
-1313.98402354099,1662.07940248447,-7.52794634099684,3.54087677490339e-12,7.1969307683213e-10,2.26540279819264,"Downregulated"
-81.3669052452459,121.51881042236,-7.52034542921642,3.69628956084502e-12,7.46811023885513e-10,2.25441014352755,"Downregulated"
-786.049318360656,695.999312074534,-7.51969925776444,3.70980873154721e-12,7.46811023885513e-10,2.25347567806972,"Downregulated"
-134.512763983607,178.280254372671,-7.51943870371758,3.71527386368285e-12,7.46811023885513e-10,2.2530988780297,"Downregulated"
-95.1783494132787,137.752083590062,-7.51285117073062,3.85612564290784e-12,7.72284503758192e-10,2.24357271661294,"Downregulated"
-135.113675025443,134.803298110559,-7.50531364813735,4.02378023613086e-12,8.02920381060054e-10,2.23267372600926,"Downregulated"
-129.785089766393,143.232706018634,-7.50322000340434,4.07161491975623e-12,8.09511075409715e-10,2.22964657013035,"Downregulated"
-214.413162293442,380.411639192547,-7.49327562967839,4.30661434880449e-12,8.53130940293064e-10,2.21526929886343,"Downregulated"
-257.090346554918,280.286330639752,-7.4887435789549,4.41811732378359e-12,8.70963564390239e-10,2.20871759999183,"Downregulated"
-4991.70702270492,4265.7272931677,-7.48832761750684,4.42849329493345e-12,8.70963564390239e-10,2.20811628991568,"Downregulated"
-115.962973236393,129.950487965217,-7.47923907332268,4.66131821197252e-12,9.12735680856991e-10,2.19497878099946,"Downregulated"
-70.2376142590164,66.1057625931677,-7.47829228217663,4.68625822427594e-12,9.12735680856991e-10,2.19361028196081,"Downregulated"
-1938.85874462295,2255.59169279503,-7.47811401068619,4.69096893133634e-12,9.12735680856991e-10,2.19335260891025,"Downregulated"
-393.671395594262,377.363420565217,-7.47153245642853,4.86820021263225e-12,9.4386115824705e-10,2.18384007513438,"Downregulated"
-386.504724606557,524.290872267081,-7.46835079833455,4.95623685213443e-12,9.545905202002e-10,2.17924181953657,"Downregulated"
-1601.78385383115,1181.93665250932,-7.46827123990345,4.95845830337187e-12,9.545905202002e-10,2.1791268411137,"Downregulated"
-586.466354372132,779.453093291925,-7.46674379058849,5.00129964729213e-12,9.59459853388411e-10,2.17691938403957,"Downregulated"
-1787.17116893443,2022.40143962733,-7.46604336353319,5.02106723331397e-12,9.59884094340704e-10,2.17590714781095,"Downregulated"
-1366.06556251311,1391.73370018634,-7.46538229164274,5.03979502387319e-12,9.60107292439954e-10,2.17495179523783,"Downregulated"
-2726.93239109836,3598.28107732919,-7.46418007801972,5.07403032609991e-12,9.63272944720529e-10,2.17321442979139,"Downregulated"
-188.021889486885,278.783696496894,-7.46087738308425,5.16926946958426e-12,9.77213308099857e-10,2.16844172283871,"Downregulated"
-354.731237607377,419.082924610559,-7.46039910413993,5.18320730405045e-12,9.77213308099857e-10,2.16775058219435,"Downregulated"
-535.291529607377,494.321063621118,-7.45848955822523,5.23922609573146e-12,9.8438036695573e-10,2.16499122312965,"Downregulated"
-146.726152066885,187.74150284472,-7.45108252810132,5.46224460816498e-12,1.02276789024459e-09,2.15428849480867,"Downregulated"
-182.681232421639,240.383962913043,-7.44977784980566,5.50248860609728e-12,1.02678690968727e-09,2.15240342374412,"Downregulated"
-146.659925598197,298.314763018634,-7.44568063361957,5.63078752519276e-12,1.0464182237654e-09,2.14648376255174,"Downregulated"
-614.733246954918,400.797125186335,-7.44520192532527,5.64596938291344e-12,1.0464182237654e-09,2.14579214652594,"Downregulated"
-2607.74849718033,3673.23544571429,-7.44412408430173,5.68030064395499e-12,1.04772257205331e-09,2.14423494769886,"Downregulated"
-410.952142606558,577.296578590062,-7.44377910359171,5.69133249016613e-12,1.04772257205331e-09,2.14373654563139,"Downregulated"
-718.929511855737,688.954411180124,-7.44199191634238,5.748823624719e-12,1.05475480430037e-09,2.14115459121304,"Downregulated"
-3587.3863125082,5119.03911929193,-7.43559582797718,5.95932268188965e-12,1.08832686418294e-09,2.13191467892463,"Downregulated"
-417.435336429672,582.942688341615,-7.43522925505339,5.97161516698456e-12,1.08832686418294e-09,2.1313851460771,"Downregulated"
