"logFC","AveExpr","t","P.Value","adj.P.Val","B","GeneSymbol"
-651.877677331148,854.854354844721,-10.943895515674,3.68429202457854e-21,1.47459852665347e-16,7.10202605841421,"NOP56"
-209.852511043607,185.16295442236,-10.883450986397,5.39405039470863e-21,1.47459852665347e-16,7.02096461363424,"UTP4"
-5279.69898632787,4066.60713975155,-10.7843394641877,1.00720924783965e-20,1.83563885418776e-16,6.88754110287023,"RTN3"
-602.242864478688,561.889162298137,-10.434040748189,9.09211703852182e-20,1.24277874770295e-15,6.41110429178192,"PSMB3"
-953.157543598361,1029.72434409317,-10.1362760130831,5.84257503076223e-19,6.3888557961385e-15,6.00049480089704,"EGR1"
-183.155568195902,239.141951463975,-10.0252540066212,1.16594149488525e-18,1.06246418721418e-14,5.84616537211173,"SUPV3L1"
-291.099548644263,389.976984273292,-9.61469987956794,1.47901720270576e-17,1.13342007026519e-13,5.27015777757572,"TRAPPC12"
-765.010935053607,764.469075521739,-9.59610253178187,1.65841071095043e-17,1.13342007026519e-13,5.24388165408068,"CRMP1"
-6276.94545660656,4852.54809751553,-9.5035658769622,2.92902222524265e-17,1.77938100183491e-13,5.11291786000504,"ENC1"
-1040.52194203279,1113.75626751553,-9.39541172066133,5.68406323731596e-17,3.1077615750025e-13,4.95940567684534,"P4HTM"
-1615.07075120164,1503.53104099379,-9.35979484533749,7.06787741014007e-17,3.51305633999462e-13,4.90875098636756,"MAST3"
-78.9093700727869,76.635967031677,-9.32009910231486,9.00826713964877e-17,4.10439171550247e-13,4.85223854019403,"TOMM22"
-158.949753297295,114.476485419255,-9.19499035963959,1.93136201102872e-16,8.12286291946119e-13,4.67375316239172,"FABP3"
-90.5528255790164,104.750683416149,-9.18252499570187,2.08351173594606e-16,8.13685744020361e-13,4.65593949740017,"ICA1"
-180.990818142459,194.250054621118,-9.16388204991595,2.33359120617026e-16,8.50593994649061e-13,4.62928793562147,"KDM1A"
-285.958849406557,319.557861428571,-9.14786406177994,2.57216594479578e-16,8.78957331448185e-13,4.6063796760925,"LYRM9"
-1448.33424686885,1564.91925513043,-9.12564578642143,2.94375153839936e-16,9.42140378129788e-13,4.57459001635117,"EIF3C"
-390.820899279016,475.425186885714,-9.11703580726426,3.10169671812276e-16,9.42140378129788e-13,4.56226662843876,"MANBAL"
-393.035223612197,359.958418606211,-9.09108132517222,3.63064703046291e-16,1.04476645468716e-12,4.52510379165597,"CDK5"
-1284.69279693443,1303.68005132919,-9.07760850991956,3.9396656692333e-16,1.07700610232665e-12,4.50580435721547,"PSMD1"
-110.278675608197,171.999477701863,-9.00613171064995,6.07297475481346e-16,1.58114235580679e-12,4.40332225558473,"DYRK4"
-2668.64726945902,2061.75106459627,-8.96321008826611,7.87124220611677e-16,1.95618258008834e-12,4.34170900280417,"YWHAZ"
-3747.71228159016,5026.09992111801,-8.94644153023869,8.70973702758627e-16,2.07045596514469e-12,4.31762369532198,"SEPTIN8"
-109.84539324541,114.093487149068,-8.93393157830882,9.3925930075941e-16,2.13975009454253e-12,4.29965005276054,"PTPN3"
-1550.37426704098,1464.17781428571,-8.92196572880649,1.00954777546132e-15,2.20788098493391e-12,4.2824540978986,"EIF3C"
-1684.16122039836,1613.05179428571,-8.90495043786729,1.11859100955686e-15,2.35226782490466e-12,4.25799493085257,"EIF3C"
-559.788429357377,634.703389937888,-8.88521014557855,1.2598421033996e-15,2.55118025938419e-12,4.22960887557403,"WARS1"
-1681.14442113115,1676.55214068323,-8.87903494176725,1.30756817880006e-15,2.55326036342477e-12,4.22072696402136,"PFKM"
-3917.28837121312,3146.74501,-8.84539698472817,1.60090446041718e-15,3.01825694390723e-12,4.17232746745454,"UCHL1"
-1438.76267859016,1289.33374931677,-8.83628705071626,1.69103559995506e-15,3.08191238091809e-12,4.15921479545854,"TUBB"
-175.850859457213,153.059944658385,-8.81946518155952,1.87092507914459e-15,3.22018936710797e-12,4.13499625065374,"IDH3G"
-2819.16595134426,2474.29272195652,-8.81824397377738,1.88470159574677e-15,3.22018936710797e-12,4.1332377977111,"TUBB4B"
-778.484442337705,712.61833821118,-8.79292373099864,2.19418115278092e-15,3.55601528836978e-12,4.09677024553392,"SARS1"
-338.745782772295,290.619891950311,-8.79162649508141,2.21133095207266e-15,3.55601528836978e-12,4.09490148125724,"GABBR2"
-167.857819004918,175.638813795031,-8.76409953601202,2.60834414449438e-15,4.07460617429229e-12,4.05523748376433,"EIF2B3"
-973.040130977049,811.886725217391,-8.7347139523171,3.11054672587484e-15,4.72414283992241e-12,4.01287604478211,"TUBB"
-651.737154380327,671.464623229814,-8.71486601596863,3.50300099691257e-15,5.17639404070796e-12,3.98425286603118,"PSMB2"
-280.408891519672,334.216194453416,-8.69343473471891,3.98214106634088e-15,5.72956744216283e-12,3.95333668621898,"ME3"
-291.928006814754,319.226019751553,-8.67533391728642,4.43716062220614e-15,6.22055787228515e-12,3.92721735687751,"SF3B5"
-350.847123503279,473.41574378882,-8.66442705167225,4.73590284357e-15,6.47338719930475e-12,3.91147556087053,"MTHFD1"
-4512.04925336885,4346.7278816646,-8.63606105852027,5.60972452869162e-15,7.30126194463386e-12,3.8705238918633,"ALDOA"
-120.061546754098,132.376424465839,-8.63176145868789,5.75547417411921e-15,7.30126194463386e-12,3.8643152182228,"PPP2R2D"
-189.521489280328,199.966677447205,-8.63165110209297,5.75926418926926e-15,7.30126194463386e-12,3.86415585724023,"UBE2V2"
-253.621141213115,366.105998074534,-8.62829459940294,5.87572977711733e-15,7.30126194463386e-12,3.85930877019281,"CZIB"
-374.535389136066,390.239304354037,-8.621420227782,6.12161286774831e-15,7.43775963431419e-12,3.84938089027174,"LARGE1"
-6182.63379759017,6515.97393869565,-8.61712684248538,6.28033656182709e-15,7.46472611995426e-12,3.84317997853916,"GNAS"
-1461.76946840984,1778.77682657143,-8.60421511871282,6.78272857834826e-15,7.72595177127482e-12,3.82452954711409,"ARF1"
-124.989785354754,126.508388062112,-8.59254745535165,7.27094734306617e-15,8.05950300340521e-12,3.80767343235427,"LARP4B"
-135.909217228197,122.53077363354,-8.59026695139922,7.37037311696864e-15,8.05950300340521e-12,3.80437852663191,"DZIP3"
-2229.82150804918,1910.63244391304,-8.58523462750592,7.5945766287221e-15,8.14183288579178e-12,3.79710741568452,"TUBB4B"
-502.874257309836,521.20878621118,-8.56598027240799,8.51673230886763e-15,8.95485267283342e-12,3.76928295721181,"LGALS8"
-124.10397054164,231.994944385093,-8.54940595806478,9.39905057882952e-15,9.69609604523592e-12,3.74532620785768,"DHX16"
-1278.94124818361,1092.06065040683,-8.53938184208126,9.9761281875757e-15,1.01008297899204e-11,3.73083492532578,"BSCL2"
-136.934537149016,165.636110913043,-8.53564811561375,1.01999542468165e-14,1.01396817899035e-11,3.72543686147388,"RSPH10B2"
-2033.92019178689,1743.11768783851,-8.52568159973802,1.08221398745059e-14,1.05440023024495e-11,3.71102656101665,"ATP6V1H"
-963.421972721312,1292.38692590062,-8.52259496706539,1.10223686137391e-14,1.05440023024495e-11,3.70656335597104,"BMERB1"
-633.059273895082,663.351084347826,-8.52012525020065,1.11852242074453e-14,1.05440023024495e-11,3.70299208630942,"ZCCHC17"
-1468.19236817377,1611.305904,-8.47828923725631,1.43366353905748e-14,1.32856871182996e-11,3.6424815510237,"CKMT1B"
-309.870016345902,315.821546583851,-8.46373988827214,1.56276564912607e-14,1.42407019776614e-11,3.62143149580898,"PCYOX1L"
-1646.68852765738,1040.15278918012,-8.46089845904978,1.58929443538313e-14,1.42450284023889e-11,3.61732014286228,"SNAP25"
-731.039512873771,827.190233335404,-8.45631180747881,1.63306390976364e-14,1.44012531074721e-11,3.61068332716972,"PPP1R7"
-1535.38500210984,1862.25408159627,-8.44791920868033,1.71627394617204e-14,1.48379808130051e-11,3.59853858571233,"PRKCZ"
-149.670563768197,156.34491342236,-8.44590479322138,1.73686469507513e-14,1.48379808130051e-11,3.59562342222577,"ELMO1"
-4575.06820586065,5020.12312763975,-8.43424655567265,1.86094040520471e-14,1.56533717930104e-11,3.57875108307248,"DNM1"
-5977.59113106557,7330.5385136646,-8.43006915990239,1.90750852243414e-14,1.57848362295357e-11,3.57270490921596,"ACTB"
-302.354812503279,402.664125614907,-8.42771059507656,1.93431006379313e-14,1.57848362295357e-11,3.56929112468268,"PSIP1"
-3769.35921029508,5242.88952149068,-8.41986829219507,2.02614297614202e-14,1.59735229377679e-11,3.55793964683842,"CYFIP2"
-3637.89132906558,3746.82782434783,-8.41923364370702,2.03376126944617e-14,1.59735229377679e-11,3.55702097808512,"SV2B"
-1568.08654793279,1701.67384307453,-8.41829520572546,2.04507838252172e-14,1.59735229377679e-11,3.55566255708806,"THY1"
-8472.35683918032,11418.0701686957,-8.37385309169118,2.65906953942098e-14,2.04767080377242e-11,3.49131824329572,"GNAS"
-376.908551206557,458.300703416149,-8.36753587252802,2.76006446444176e-14,2.09592395268546e-11,3.48217007124883,"IMPDH2"
-3401.83690218033,3504.72567391304,-8.36333776910536,2.82927721366496e-14,2.11905111859084e-11,3.47609040306814,"DPP6"
-1256.1896796,1045.54129698137,-8.34897453243951,3.07936879160512e-14,2.26357758581794e-11,3.45528813134543,"GNG3"
-330.511480269508,245.512416521739,-8.34756601721623,3.10504469933874e-14,2.26357758581794e-11,3.4532480548692,"ARPC1A"
-207.725023068689,205.348933819876,-8.34384179786032,3.1739619637277e-14,2.26777626969864e-11,3.44785383541709,"ACTR1A"
-6837.96738596722,6766.32331018634,-8.34278681917705,3.19375898979049e-14,2.26777626969864e-11,3.44632575971803,"TUBA1A"
-6723.89088767213,5643.7767357764,-8.33506150222266,3.34251034899269e-14,2.32817255878767e-11,3.43513571811259,"NME7"
-204.008926146721,264.89352947205,-8.33397473807611,3.36398046903019e-14,2.32817255878767e-11,3.43356150029607,"BRD9"
-2754.39005826229,2497.95463283851,-8.33092142201512,3.42503706761293e-14,2.34079877089671e-11,3.42913859292346,"ATP6V1E1"
-973.642252136885,898.264602329193,-8.32838833570044,3.47652450908406e-14,2.34665404363174e-11,3.42546919453689,"GPI"
-934.890292804919,1540.45697720497,-8.31901494278164,3.67381715902768e-14,2.44958479475413e-11,3.41189043278613,"MPRIP"
-5256.65369806885,5005.51852493168,-8.31293268775655,3.80774131071143e-14,2.46366926918877e-11,3.40307889893583,"ALDOA"
-229.188199527869,287.78673836646,-8.31263931922656,3.81432202453348e-14,2.46366926918877e-11,3.40265387834771,"AP2A2"
-211.671407214754,198.760444378882,-8.30845103509353,3.9095119045049e-14,2.46366926918877e-11,3.39658596706177,"GOLGA8A"
-250.152162140984,293.84458678882,-8.30731893896338,3.93564407658935e-14,2.46366926918877e-11,3.39494577679045,"AP2A2"
-642.095094381148,593.786168322981,-8.30663532900917,3.95150770896837e-14,2.46366926918877e-11,3.3939553509512,"PGM2L1"
-146.131935223607,170.309579826087,-8.30604309627281,3.96530216165728e-14,2.46366926918877e-11,3.39309731031298,"RWDD2B"
-3534.96267852459,3252.49609565217,-8.2976832278159,4.16519842658284e-14,2.51766464641891e-11,3.38098497653456,"COPG2IT1"
-1303.69221739672,1218.86965031677,-8.29665961067484,4.19035176633052e-14,2.51766464641891e-11,3.37950184608221,"FIG4"
-320.491839339344,340.413615391304,-8.28659398625304,4.44586531810329e-14,2.63223078336079e-11,3.36491712790521,"NMRAL1"
-747.455573032786,668.544628136646,-8.28403417781543,4.51327447824999e-14,2.63223078336079e-11,3.36120791140033,"MAP6"
-285.682661227049,324.682066652174,-8.28357537893404,4.52546307518819e-14,2.63223078336079e-11,3.36054309585599,"UNC13A"
-95.1029382763935,115.927620018634,-8.26313429615965,5.10296980822905e-14,2.93689341331498e-11,3.33092137312315,"COPG1"
-276.213343622557,259.49896061118,-8.25771573926896,5.26794902831417e-14,3.00026159503206e-11,3.32306859852019,"CHCHD6"
-404.832504985246,469.291196024845,-8.2541879740203,5.37819257104829e-14,3.03147091569139e-11,3.31795589979506,"FAM162A"
-213.735439562295,249.946926857143,-8.24372272003941,5.718883240637e-14,3.19061164471253e-11,3.3027882909951,"FHL2"
-193.141769343114,279.157349322981,-8.24183308235839,5.78264283904946e-14,3.19359593156595e-11,3.30004949030338,"NUTF2"
-117.221370469836,133.293491770186,-8.23482763606781,6.02523355034655e-14,3.29429644365197e-11,3.28989570694585,"AKIRIN2"
-629.25902892623,1039.05292708075,-8.21949299257805,6.59206342910948e-14,3.56852542560951e-11,3.26766821206817,"MPRIP"
-444.04897010164,364.526142173913,-8.21419202036501,6.80006620322602e-14,3.6450354868763e-11,3.25998408891478,"IDH3G"
-253.570057173115,206.369350291925,-8.20623333828394,7.12464072109945e-14,3.78193914005934e-11,3.24844707417032,"NDUFA7"
-3751.55706298361,3878.03141453416,-8.19212007010274,7.73844987271599e-14,4.02845916863633e-11,3.22798727367868,"ATP2A2"
-161.649072093934,144.937621095031,-8.18928560289088,7.86790989804864e-14,4.02845916863633e-11,3.22387803774333,"CCT5"
-157.969918863115,139.130067186335,-8.18898324131631,7.88184599537026e-14,4.02845916863633e-11,3.22343968968925,"ATP1A3"
-187.242839188951,258.88569850559,-8.188941536734,7.88377011511819e-14,4.02845916863633e-11,3.22337922851595,"PPIB"
-4686.83398844754,4904.17796968944,-8.18700751497147,7.97351359137236e-14,4.03659125563226e-11,3.22057537109115,"TUBA1C"
-91.9896071619672,123.805215118012,-8.18058240887916,8.2789931515902e-14,4.15278853727701e-11,3.21126038378054,"WDR70"
-1074.67718177869,1633.54308813665,-8.17650718719156,8.47873630570572e-14,4.21431734104055e-11,3.20535208727142,"SRSF5"
-261.749371747541,448.457185614907,-8.17016230981027,8.79928007909034e-14,4.33423998490328e-11,3.19615303675165,"VPS35L"
-438.89105167377,630.293807888199,-8.16250949968589,9.20192993452774e-14,4.49210284973486e-11,3.18505740528306,"RBM25"
-7807.75997098361,10815.4502043354,-8.15713041012816,9.49583486378329e-14,4.5945554971447e-11,3.17725820654874,"GNAS"
-2417.93185115246,1826.16542329193,-8.15236366911773,9.76405259434531e-14,4.66476519004755e-11,3.17034673762461,"SCN3B"
-2650.82167127869,2196.93561552795,-8.151532627019,9.8115774459162e-14,4.66476519004755e-11,3.16914176850508,"ATP5F1C"
-8007.89799914754,8067.35054223602,-8.13715713160039,1.06709425163292e-13,5.02960156965776e-11,3.14829751588269,"ACTB"
-200.596441042623,231.72123068323,-8.13479382794199,1.08191963380338e-13,5.05589367335039e-11,3.14487067261857,"SLC35B1"
-4740.00474808197,5002.55056708075,-8.11132523502316,1.24069100261466e-13,5.74871021762345e-11,3.11083946438778,"TUBA1C"
-126.693752539344,138.765968875776,-8.10918745670919,1.25625375744745e-13,5.77190539398648e-11,3.10773942451304,"TMEM121B"
-5609.97765592951,6319.32813484472,-8.09699401254343,1.34879390593835e-13,6.1454422339316e-11,3.09005715030677,"GAPDH"
-528.183472144263,690.395860931677,-8.09096698637516,1.39700052758262e-13,6.3124796566595e-11,3.08131691268476,"METTL3"
-499.589596164262,692.059549347826,-8.0885747024862,1.41660525603105e-13,6.33905622912648e-11,3.07784765554257,"BIN1"
-8037.15586896722,11047.8628431056,-8.08743145439799,1.42607026279389e-13,6.33905622912648e-11,3.07618972733437,"GNAS"
-1472.03946668033,1937.87235742857,-8.08427737564773,1.45250945408703e-13,6.40451245179098e-11,3.0716156921776,"EIF1"
-209.861726318033,368.134336583851,-8.08031564164244,1.48640855900262e-13,6.41830517945693e-11,3.06587036130089,"MAPRE2"
-2658.24162993443,2985.44767921118,-8.07798915697615,1.50667985719813e-13,6.41830517945693e-11,3.0624964607863,"SLC17A7"
-1726.97014600984,1393.94723080745,-8.07736537449689,1.51216149504569e-13,6.41830517945693e-11,3.0615918405111,"TUBB3"
-7473.98060340983,8564.26299813665,-8.07711892957751,1.5143326349336e-13,6.41830517945693e-11,3.06123444151799,"ACTB"
-7643.25058772131,8606.22446322981,-8.07520876825046,1.53126601531949e-13,6.4401514913533e-11,3.05846428529224,"ACTB"
-7281.5681942623,6456.72503412422,-8.07156831873651,1.5640598307374e-13,6.527860400425e-11,3.05318480556723,"NELL2"
-967.634389872131,1150.54773068323,-8.07001307120693,1.57828121182719e-13,6.53731251944328e-11,3.05092933402906,"MRPS15"
-233.35472642623,190.475088859006,-8.06057249696977,1.66740027722892e-13,6.83607656746741e-11,3.03723819406428,"ITFG1"
-484.707315768852,602.560829291925,-8.05974794141906,1.67541702796641e-13,6.83607656746741e-11,3.03604237888772,"VPS16"
-2326.13569808197,2098.0883976646,-8.05483634510199,1.72396814554827e-13,6.98207098947050e-11,3.02891929094332,"TUBB3"
-1049.64472546885,892.995832236025,-8.03679788260857,1.91455282939202e-13,7.69692470198593e-11,3.00275853716111,"CADPS"
-8436.90300783607,7452.5111426087,-8.03197262373475,1.96898257355674e-13,7.85796512476022e-11,2.99576051406875,"GNAS"
-1272.48531910328,967.704929565217,-8.02463886690688,2.05466004766908e-13,8.14047377581935e-11,2.985124404994,"YWHAZ"
-177.830850279508,180.134979656522,-8.00101237127141,2.35661085943318e-13,9.21704783568436e-11,2.95085886253948,"CDK7"
-1518.41637157869,2169.14184453416,-8.00075701617155,2.36010369820907e-13,9.21704783568436e-11,2.95048852038636,"EIF1"
-6912.67856526229,8371.49332329192,-7.99817010555473,2.39577903341984e-13,9.29001550725034e-11,2.94673671809028,"TUBA1B"
-321.090649740983,414.43705136646,-7.99574900261268,2.4296518643875e-13,9.35501518911175e-11,2.94322538867456,"SAMM50"
-2546.60885891803,2253.18887204969,-7.99195432015905,2.48369959502153e-13,9.49624303201413e-11,2.93772195907843,"ATP5F1B"
-4500.04227172623,4591.83724279503,-7.98639907688695,2.56497951453892e-13,9.73890659426497e-11,2.92966520039822,"GAPDH"
-299.683586162951,420.155782229814,-7.9797586714147,2.66560268170678e-13,1.00511604567116e-10,2.92003466067759,"PITRM1"
-1872.46376439344,2299.6465267205,-7.9702901803244,2.81588260955787e-13,1.05450946354504e-10,2.90630263625875,"TOMM70"
-8164.41535752459,9701.80718906832,-7.96495277532277,2.90426614991092e-13,1.07291048477284e-10,2.89856191627818,"GAPDH"
-514.986266629508,448.624471875776,-7.96287902048202,2.93934298646012e-13,1.07858105895777e-10,2.89555440613105,"GOT1"
-7180.4855307705,8819.39197267081,-7.95773615708081,3.02815523954016e-13,1.10376258481239e-10,2.88809587935947,"TUBA1B"
-484.31950167541,542.453505217391,-7.9504482629298,3.15858302330659e-13,1.14367898542575e-10,2.87752656015302,"ANXA7"
-267.168025629508,287.519863167702,-7.94628783310195,3.23552107463893e-13,1.16382970234134e-10,2.87149291207867,"TAF9"
-538.909329879672,710.198008968944,-7.94233558910376,3.31032861096487e-13,1.17332080465187e-10,2.86576121733011,"GABBR1"
-271.797188683607,364.17599136646,-7.94061863310838,3.34335869435771e-13,1.17332080465187e-10,2.86327123280322,"TRAPPC5"
-149.808228154869,237.005162411801,-7.94061056435516,3.34351468627558e-13,1.17332080465187e-10,2.86325953125449,"INTS3"
-512.731604903279,562.407285459627,-7.94039180877299,3.34774660312192e-13,1.17332080465187e-10,2.86294228538142,"IDH3A"
-3768.52503927869,4512.25297111801,-7.92529507462855,3.65299364993809e-13,1.27214922172207e-10,2.84104882931898,"YWHAZ"
-994.854655859016,1144.37035596273,-7.92230222019001,3.71670592631249e-13,1.28556486058968e-10,2.83670862850748,"APLP2"
-104.55526998541,103.822857993789,-7.92128814452845,3.73854253010989e-13,1.28556486058968e-10,2.83523803417764,"TM7SF2"
-372.087202295082,467.576838757764,-7.91988589132001,3.76894757957687e-13,1.28792005570853e-10,2.83320451664308,"MICU1"
-312.607059088525,476.862429478261,-7.91652116524968,3.84290814324513e-13,1.30503728404924e-10,2.82832508681606,"TMEM205"
-1461.28472387705,1218.01150809938,-7.91376568671689,3.90454664848203e-13,1.31778449386269e-10,2.82432919612099,"AMPH"
-1281.87634178361,1099.00425540373,-7.90607295413129,4.08186308604585e-13,1.36917708116292e-10,2.81317361540447,"ATP6V1G2"
-5565.23716662295,5630.57358503106,-7.89991699940744,4.22948607253571e-13,1.41004360375543e-10,2.80424673096413,"TUBA1B"
-238.518621490164,276.319115484472,-7.89681325434297,4.30590952807295e-13,1.42682183907508e-10,2.79974597410424,"VPS33B"
-437.74739058959,380.605547338509,-7.89477804051245,4.35676383062109e-13,1.43497627975426e-10,2.79679471942841,"GABBR2"
-4730.47531434426,5995.16991428571,-7.88530235912382,4.60148199924914e-13,1.50650316352663e-10,2.78305428768977,"RPL15"
-259.012940923279,285.383139745342,-7.86834451933199,5.07390955782098e-13,1.65128574448727e-10,2.75846512525402,"PPP2R1A"
-210.613471706885,194.985072850932,-7.86264279315243,5.24330984259351e-13,1.6963193233361e-10,2.75019782015121,"CPNE6"
-465.955937947541,536.077256093168,-7.8584294383545,5.37207956904711e-13,1.72775559080971e-10,2.74408870444718,"MDH2"
-522.498975281967,735.527250062112,-7.85517052262802,5.47382430259669e-13,1.75018329675131e-10,2.73936353068913,"C1orf115"
-902.682425129508,1232.60617948447,-7.85303859956726,5.54141457120871e-13,1.75414242472448e-10,2.73627243817829,"EHD3"
-74.7399271944263,103.216500906832,-7.85249410481219,5.55880933938938e-13,1.75414242472448e-10,2.7354829746443,"NUDCD3"
-94.6281276501639,88.9899510248447,-7.85175661318053,5.58245600186665e-13,1.75414242472448e-10,2.73441368722801,"CDC37"
-408.131497027869,414.479156086957,-7.84880710437486,5.67802851882098e-13,1.77397833866593e-10,2.73013723020946,"NDUFS7"
-130.567998542131,135.538221931677,-7.84597143872909,5.77144018299154e-13,1.79291756821058e-10,2.72602587737519,"TIMM50"
-4450.38981273279,4033.11516904348,-7.83838815636671,6.02879350860335e-13,1.84308965981184e-10,2.71503130683209,"SYN2"
-973.124084918033,1104.12311745342,-7.83615893367425,6.10658622046323e-13,1.84462763317032e-10,2.71179934590629,"PPME1"
-88.2238353239344,143.096957919255,-7.8332206241311,6.21064503130752e-13,1.86575284113593e-10,2.70753938460084,"EXOC6B"
-134.881991548361,206.212516596273,-7.83059527092058,6.30510566281818e-13,1.88377951975183e-10,2.70373319088407,"CASTOR3P"
-256.365912975574,225.213928745342,-7.82596274004053,6.47526938544967e-13,1.9241051828775e-10,2.6970171262425,"ACTB"
-124.173488319016,205.519678198758,-7.82085609109193,6.66812423047734e-13,1.97070103946675e-10,2.68961385814999,"BDH1"
-415.874267930492,438.397276055901,-7.8198244003783,6.70777196155202e-13,1.97176038708525e-10,2.68811820406916,"FIBP"
-286.902108093443,312.474090254658,-7.81157834641416,7.03317479017256e-13,2.05635738851703e-10,2.67616405249228,"BCCIP"
-667.750809811475,1006.10496552795,-7.80417742540818,7.33851663501279e-13,2.1342201969113e-10,2.66543546306628,"SH3KBP1"
-265.851185562295,280.351775285714,-7.79907312050857,7.55672203175125e-13,2.18602607701469e-10,2.65803633684947,"EMC3"
-556.696909247541,717.322528354037,-7.79755782073739,7.62272860434733e-13,2.18602607701469e-10,2.65583981603358,"SMARCA4"
-178.629917998361,210.57175447205,-7.79724108300165,7.63659772674543e-13,2.18602607701469e-10,2.65538068716937,"SRD5A3"
-202.396612026229,265.839548043478,-7.79564812834168,7.70672897415467e-13,2.19461149303076e-10,2.65307162231372,"CYB561"
-685.951656973771,706.697087776398,-7.79375064857317,7.79110024963197e-13,2.20714200077009e-10,2.65032115771522,"SYN2"
-499.585645167213,544.283005006211,-7.79045266268511,7.93992771935766e-13,2.23770901059732e-10,2.64554067267933,"GSS"
-510.029597827869,483.769050248447,-7.78834686590979,8.03642515418435e-13,2.25328997592323e-10,2.64248832787914,"PPP1R7"
-8476.21627165574,10181.2304051429,-7.78099496852817,8.38252112059411e-13,2.33252003387402e-10,2.63183204369854,"UBC"
-662.908251131148,760.079786770186,-7.78054193323463,8.40432458478615e-13,2.33252003387402e-10,2.63117540063292,"CALM3"
-1347.37844372131,1907.4011657764,-7.77930393795828,8.46419314872162e-13,2.33727151720381e-10,2.62938102100878,"EIF1"
-129.542042633279,181.974642757764,-7.77722001605441,8.56592564110015e-13,2.35347730867915e-10,2.62636056259224,"LRRC41"
-2373.35430385245,2683.67446086957,-7.76521398073991,9.17606726849058e-13,2.50850738952361e-10,2.60895956980992,"SLC9A6"
-2655.96517877049,3271.34419786957,-7.76262881767306,9.31297319765902e-13,2.53326770936322e-10,2.60521290964918,"SYT13"
-78.9911012619673,89.9312162670807,-7.75646510367161,9.64760987373237e-13,2.61130232597187e-10,2.59628010799341,"NUDT18"
-47.6642444239836,56.9058471807453,-7.75073759582711,9.96922719870269e-13,2.68506156201512e-10,2.58797977636009,"RUVBL1"
-322.252287590164,502.521604223602,-7.74728003655304,1.01684965747441e-12,2.72530661874574e-10,2.58296920569273,"MRPL36"
-2083.85303378689,1701.62092826087,-7.73918015316732,1.06508956086088e-12,2.84067179219847e-10,2.57123157012583,"ATP5F1C"
-334.818243327869,489.970548509317,-7.73785873945088,1.07317163256355e-12,2.84833296167049e-10,2.56931675148388,"MARS1"
-150.340646171311,193.078701385093,-7.73480097638039,1.09210725556094e-12,2.87509552905312e-10,2.56488590688813,"MRPL55"
-284.216203937918,243.84948401677,-7.73453465748072,1.09377205311943e-12,2.87509552905312e-10,2.56450000226716,"CALY"
-438.860489791804,653.660135341615,-7.73145812017555,1.11318711253789e-12,2.91212944392388e-10,2.56004204997935,"MADD"
-140.834487332623,240.994486590062,-7.7270294647043,1.14173566801079e-12,2.94738550032051e-10,2.55362501609951,"GSS"
-1348.03652914157,1129.04705641242,-7.72686093618466,1.14283626166977e-12,2.94738550032051e-10,2.55338082537271,"AP2M1"
-219.288448465738,222.447935397516,-7.72340428485693,1.16564351162357e-12,2.99209197173796e-10,2.54837234450029,"YJEFN3"
-303.376203165574,314.41745173913,-7.71971931342741,1.19045376134267e-12,3.04149810286964e-10,2.54303317138832,"TMEM97"
-68.0004217718032,74.2697373770186,-7.71854438813407,1.19847373899978e-12,3.04774658975875e-10,2.54133084486449,"RGS7"
-421.275431790164,620.740305714286,-7.71620305010609,1.21461548039413e-12,3.06280282286394e-10,2.53793856691142,"ZNF706"
-481.149025947541,464.70622547205,-7.71553930308634,1.21923055199973e-12,3.06280282286394e-10,2.53697689852128,"TARBP1"
-295.995146242623,399.805153521739,-7.71525683320623,1.22119984523885e-12,3.06280282286394e-10,2.53656764402158,"BABAM2"
-570.242227059017,1040.50872878882,-7.71440831265489,1.22713443293334e-12,3.06363356715206e-10,2.53533827586784,"BIN1"
-829.87540597541,853.474128757764,-7.70198966489415,1.31733046671126e-12,3.26012867831132e-10,2.51734652826699,"PSMB7"
-796.297934772131,994.707159130435,-7.70193179496465,1.31776577577833e-12,3.26012867831132e-10,2.51726269191647,"TPRG1L"
-164.896019896721,234.534146062112,-7.68908026391804,1.41805160482608e-12,3.49243114837235e-10,2.49864553423159,"TMEM127"
-194.643286355738,253.208009503106,-7.68665670408535,1.43779349377289e-12,3.52517306152613e-10,2.49513488780341,"ZNF415"
-3652.6203854918,4025.05372252174,-7.68157681637,1.48006069188293e-12,3.6037642202446e-10,2.4877766330299,"VPS35"
-950.702502040984,1045.72939906832,-7.68122530473793,1.48303054331054e-12,3.6037642202446e-10,2.48726747665808,"PPME1"
-231.065257309836,297.701292049689,-7.67744122178895,1.51537757121949e-12,3.6660738365675e-10,2.48178641061099,"ANAPC5"
-541.552278218033,588.227402248447,-7.67460498196825,1.54007938842529e-12,3.70942028908161e-10,2.47767835894913,"IMMT"
-656.203908357377,825.999239254658,-7.67182550235959,1.5646735635797e-12,3.7521283810842e-10,2.47365261047533,"JAK1"
-349.155719878688,317.568138521739,-7.6701161144204,1.5799917617369e-12,3.77231657523865e-10,2.47117680861376,"GLS"
-470.921784222951,580.511825,-7.66766203315578,1.60224326409166e-12,3.80881088974832e-10,2.467622486251,"ORC5"
-401.638634957377,506.374761900621,-7.66510783976901,1.62573203826555e-12,3.8479177139467e-10,2.46392324447972,"DNAJC8"
-100.901115077049,167.436242329193,-7.65686641496412,1.70387087511368e-12,4.01216230942593e-10,2.45198771413666,"BCAP29"
-310.569479153607,308.819599372671,-7.65625629499705,1.709801221941e-12,4.01216230942593e-10,2.4511041492083,"SLC25A4"
-6769.84622383607,6538.94220888199,-7.65454425762254,1.72655152010564e-12,4.03415403255451e-10,2.44862483151505,"TUBA1A"
-351.832130172131,424.255539273292,-7.64872369750102,1.78472330292431e-12,4.15232964201646e-10,2.44019595519095,"DDX41"
-300.106747071148,363.724531875776,-7.64271022508822,1.84686112820196e-12,4.27869204171365e-10,2.43148816656942,"GALNT18"
-271.05048555082,441.746700099379,-7.64094376875164,1.86551773569613e-12,4.30367857380532e-10,2.42893034305297,"M6PR"
-99.0020881580328,131.366393895652,-7.63523888470259,1.92705404878605e-12,4.42696134946963e-10,2.42066996338093,"TTLL1"
-945.015282159017,827.145058695652,-7.62733861723441,2.01560198691599e-12,4.6110058006122e-10,2.40923148580011,"NME1"
-1299.25822750492,1161.18467881366,-7.62195119237831,2.0782834578262e-12,4.71745842714445e-10,2.40143172908472,"SV2B"
-2173.39886316394,1810.12794807453,-7.62185738319832,2.07939182613958e-12,4.71745842714445e-10,2.40129591836134,"ATP5F1C"
-899.87351110164,1499.09826325466,-7.61438137784231,2.16962938770659e-12,4.90183829639908e-10,2.39047303933916,"ATCAY"
-3196.27440685246,4174.0389621118,-7.61129743924232,2.20797306090877e-12,4.96793938704474e-10,2.38600870142597,"SMIM48"
-420.936941092459,560.229459645963,-7.60840351756735,2.24456393879764e-12,5.02957103908856e-10,2.38181955458809,"ARPC4"
-2068.09905166557,1835.75592360248,-7.6061299250567,2.27373183474856e-12,5.0741342067297e-10,2.37852845871709,"RTL8C"
-387.330193383934,478.030835298137,-7.59603962450736,2.40777364918511e-12,5.35142375078032e-10,2.36392332430799,"NPDC1"
-1022.27005627049,1132.35652426087,-7.59425944698517,2.43222063324957e-12,5.38387300092795e-10,2.36134677141056,"RRAGA"
-875.08035511541,1034.00872459627,-7.59104594506678,2.47697496603609e-12,5.46083089790416e-10,2.35669580332726,"PI4KA"
-170.803136291147,177.107060602484,-7.59023470510092,2.48840134089475e-12,5.46398969130203e-10,2.3555217028589,"BLVRB"
-607.265298527869,748.676675093168,-7.57943454346959,2.64558635795701e-12,5.78589736485198e-10,2.33989165674344,"CAPRIN2"
-2456.09469863934,2613.06758409938,-7.57592483267814,2.69875219324953e-12,5.87865642095291e-10,2.33481276463109,"MAGED1"
-877.348182409836,1238.56609614907,-7.57293118158097,2.74493534804709e-12,5.93198972942587e-10,2.33048080972081,"PCNX2"
-515.712976768853,616.386194757764,-7.57108806686687,2.77375728733659e-12,5.97067636555623e-10,2.32781380401633,"HAX1"
-103.980279729213,131.914895290683,-7.56921459984524,2.80336081238962e-12,6.01073538891774e-10,2.32510293206481,"GTF3C1"
-440.914948504918,602.564921242236,-7.56848467423834,2.81497916884469e-12,6.01206976783529e-10,2.32404675803055,"ADSL"
-223.634039870984,425.306457186335,-7.55945142053558,2.96276852110192e-12,6.30308828370613e-10,2.3109766813051,"LSM12"
-233.991517178688,243.484322204969,-7.55816412667345,2.98444524328093e-12,6.32114662811622e-10,2.30911422048739,"NIT2"
-937.366355278687,1457.3685257764,-7.55757726160363,2.99437947266959e-12,6.32114662811622e-10,2.30826515102175,"CACNA1E"
-399.781136196066,594.715355118012,-7.54377918317644,3.23761243949072e-12,6.80832538958288e-10,2.28830385540975,"CAMKV"
-294.107125496721,313.506939968944,-7.54105484504819,3.28789925082081e-12,6.85573406084432e-10,2.28436299938497,"COPS3"
-71.1015337634426,98.8759230621118,-7.54105256686027,3.28794162420507e-12,6.85573406084432e-10,2.28435970395319,"SPATS2"
-484.655615427705,560.331038673913,-7.54022928285332,3.30328981627139e-12,6.85573406084432e-10,2.28316881736805,"VPS28"
-78.613936017541,72.3274009596273,-7.53985380215072,3.31031329138162e-12,6.85573406084432e-10,2.28262568541287,"NVL"
-451.751940654099,744.615963267081,-7.53903624297205,3.3256571322961e-12,6.86152089465243e-10,2.28144309609688,"NT5C3B"
-200.655232752459,319.690027503106,-7.53448350146227,3.41239848051026e-12,7.01401830533452e-10,2.27485781574943,"EIF2B1"
-218.494261468852,335.165844459627,-7.53086825943365,3.48286964941808e-12,7.13205610793758e-10,2.26962882329468,"TLN2"
-324.694984049344,294.949489503106,-7.52974138996598,3.50512847464109e-12,7.15085445339559e-10,2.26799899375523,"PSMD8"
-1313.98402354099,1662.07940248447,-7.52794634099684,3.54087677490339e-12,7.1969307683213e-10,2.26540279819264,"DPP6"
-81.3669052452459,121.51881042236,-7.52034542921642,3.69628956084502e-12,7.46811023885513e-10,2.25441014352755,"CHMP1B"
-786.049318360656,695.999312074534,-7.51969925776444,3.70980873154721e-12,7.46811023885513e-10,2.25347567806972,"PSMB4"
-134.512763983607,178.280254372671,-7.51943870371758,3.71527386368285e-12,7.46811023885513e-10,2.2530988780297,"FUCA1"
-95.1783494132787,137.752083590062,-7.51285117073062,3.85612564290784e-12,7.72284503758192e-10,2.24357271661294,"GBA1"
-135.113675025443,134.803298110559,-7.50531364813735,4.02378023613086e-12,8.02920381060054e-10,2.23267372600926,"GRIN1"
-129.785089766393,143.232706018634,-7.50322000340434,4.07161491975623e-12,8.09511075409715e-10,2.22964657013035,"CITED1"
-214.413162293442,380.411639192547,-7.49327562967839,4.30661434880449e-12,8.53130940293064e-10,2.21526929886343,"BAG6"
-257.090346554918,280.286330639752,-7.4887435789549,4.41811732378359e-12,8.70963564390239e-10,2.20871759999183,"CUL1"
-4991.70702270492,4265.7272931677,-7.48832761750684,4.42849329493345e-12,8.70963564390239e-10,2.20811628991568,"NSF"
-115.962973236393,129.950487965217,-7.47923907332268,4.66131821197252e-12,9.12735680856991e-10,2.19497878099946,"MPV17"
-70.2376142590164,66.1057625931677,-7.47829228217663,4.68625822427594e-12,9.12735680856991e-10,2.19361028196081,"SLIT3"
-1938.85874462295,2255.59169279503,-7.47811401068619,4.69096893133634e-12,9.12735680856991e-10,2.19335260891025,"TPI1"
-393.671395594262,377.363420565217,-7.47153245642853,4.86820021263225e-12,9.4386115824705e-10,2.18384007513438,"CPNE6"
-386.504724606557,524.290872267081,-7.46835079833455,4.95623685213443e-12,9.545905202002e-10,2.17924181953657,"CCND2"
-1601.78385383115,1181.93665250932,-7.46827123990345,4.95845830337187e-12,9.545905202002e-10,2.1791268411137,"MIF"
-586.466354372132,779.453093291925,-7.46674379058849,5.00129964729213e-12,9.59459853388411e-10,2.17691938403957,"EPRS1"
-1787.17116893443,2022.40143962733,-7.46604336353319,5.02106723331397e-12,9.59884094340704e-10,2.17590714781095,"RAB6A"
-1366.06556251311,1391.73370018634,-7.46538229164274,5.03979502387319e-12,9.60107292439954e-10,2.17495179523783,"NSG2"
-2726.93239109836,3598.28107732919,-7.46418007801972,5.07403032609991e-12,9.63272944720529e-10,2.17321442979139,"EDF1"
-188.021889486885,278.783696496894,-7.46087738308425,5.16926946958426e-12,9.77213308099857e-10,2.16844172283871,"PARP1"
-354.731237607377,419.082924610559,-7.46039910413993,5.18320730405045e-12,9.77213308099857e-10,2.16775058219435,"AKR1A1"
-535.291529607377,494.321063621118,-7.45848955822523,5.23922609573146e-12,9.8438036695573e-10,2.16499122312965,"SLC17A7"
-146.726152066885,187.74150284472,-7.45108252810132,5.46224460816498e-12,1.02276789024459e-09,2.15428849480867,"METTL26"
-182.681232421639,240.383962913043,-7.44977784980566,5.50248860609728e-12,1.02678690968727e-09,2.15240342374412,"DHX30"
-146.659925598197,298.314763018634,-7.44568063361957,5.63078752519276e-12,1.0464182237654e-09,2.14648376255174,"MYDGF"
-614.733246954918,400.797125186335,-7.44520192532527,5.64596938291344e-12,1.0464182237654e-09,2.14579214652594,"YWHAH"
-2607.74849718033,3673.23544571429,-7.44412408430173,5.68030064395499e-12,1.04772257205331e-09,2.14423494769886,"ATP5MJ"
-410.952142606558,577.296578590062,-7.44377910359171,5.69133249016613e-12,1.04772257205331e-09,2.14373654563139,"TMEM50A"
-718.929511855737,688.954411180124,-7.44199191634238,5.748823624719e-12,1.05475480430037e-09,2.14115459121304,"DNAJA4"
-3587.3863125082,5119.03911929193,-7.43559582797718,5.95932268188965e-12,1.08832686418294e-09,2.13191467892463,"OLFM1"
-417.435336429672,582.942688341615,-7.43522925505339,5.97161516698456e-12,1.08832686418294e-09,2.1313851460771,"PPIB"
-145.351218811148,160.2105027,-7.43241077487622,6.06697029446753e-12,1.10203189651167e-09,2.12731380378234,"IFT122"
-519.797938873771,822.211402919255,-7.43136855598014,6.10261088232016e-12,1.10483526487038e-09,2.12580834262037,"SUPT7L"
-787.439104132459,910.967037590062,-7.42814616393279,6.21412169659825e-12,1.1193517808086e-09,2.12115381453818,"GABBR2"
-437.240517196721,658.249767204969,-7.42787092574538,6.22373921108029e-12,1.1193517808086e-09,2.12075626157119,"CKAP5"
-126.216242357049,149.90814078882,-7.42578149182384,6.29723099471387e-12,1.12885608077371e-09,2.11773834305189,"CLPP"
-7392.37591291803,7715.97503080745,-7.42369132027397,6.37160743094076e-12,1.13845632773427e-09,2.11471945079961,"MLLT11"
-513.080038331148,588.968415509317,-7.42147542739938,6.45140646686331e-12,1.14677728461755e-09,2.1115190763043,"GPHN"
-2505.77784809836,2394.81915751553,-7.42106037494186,6.46646293336958e-12,1.14677728461755e-09,2.11091963499149,"INA"
-219.774667884754,320.133491217391,-7.42065777978644,6.48110070318833e-12,1.14677728461755e-09,2.11033818867569,"UROS"
-242.003844095082,466.888295652174,-7.41945264937231,6.52511364502093e-12,1.14975184431759e-09,2.10859770480988,"ARID1B"
-4345.59565241934,4245.46283721739,-7.41904769575952,6.53996933850516e-12,1.14975184431759e-09,2.10801286612062,"GAPDH"
-90.2164821415738,74.1828556900621,-7.41600378809622,6.65271080088224e-12,1.16582359948153e-09,2.10361693119227,"SGPP2"
-655.857117116394,1050.35991,-7.41104937320479,6.84033877346292e-12,1.1948738736073e-09,2.0964623135706,"OPTN"
-641.41535102623,1109.00621145963,-7.40987019268334,6.88576086063880e-12,1.19897762756505e-09,2.09475954935793,"TECPR1"
-150.554210588852,250.987213826087,-7.40605222536972,7.0348855157705e-12,1.22105512880874e-09,2.08924652179629,"STX18"
-221.33967399836,367.805455714286,-7.40381765835185,7.12364183809503e-12,1.23254784018306e-09,2.08602002259107,"NCR3LG1"
-154.484709019672,208.023048403727,-7.40234401113283,7.18277974665684e-12,1.23885956671439e-09,2.08389227780982,"FAM20B"
-142.926671213279,149.963743057143,-7.39658358376877,7.41864232644073e-12,1.27239442988061e-09,2.07557546688629,"CKAP5"
-121.165986375738,140.505887024845,-7.39646072541157,7.4237553384895e-12,1.27239442988061e-09,2.07539809396459,"STOML2"
-1869.48954693442,3223.50366229814,-7.39039748830608,7.68046730207776e-12,1.30942272056904e-09,2.06664490082484,"FAU"
-5117.83054524591,7063.86714506832,-7.39022970723559,7.68769443626269e-12,1.30942272056904e-09,2.06640269530534,"CALM1"
-457.361921260656,556.793670869565,-7.38746203933862,7.80788625392474e-12,1.32576453706005e-09,2.06240743426339,"NDUFA9"
-786.34338054918,972.425179440994,-7.38366924422845,7.9756198193797e-12,1.35005267376033e-09,2.05693263279656,"TTC19"
-225.34518026,243.34716152795,-7.38294162191373,8.0082033870499e-12,1.35138432156467e-09,2.05588236597488,"SRSF3"
-124.354001130541,135.917020128571,-7.3796671783568,8.15647258015804e-12,1.37216965636966e-09,2.05115610728495,"DMAP1"
-87.4383184504919,100.967812204969,-7.37522345840613,8.36203776015348e-12,1.40243685440611e-09,2.04474253201827,"ASAH1"
-73.9117370153607,88.1501879086957,-7.37330032452028,8.45258198399309e-12,1.41328721704839e-09,2.0419670329785,"PRMT7"
-98.826899565082,106.074589863354,-7.37227584691188,8.50121113326214e-12,1.41612142078029e-09,2.04048852447995,"POLDIP2"
-1300.73433442623,1848.20482993789,-7.37185360537761,8.52133420094587e-12,1.41612142078029e-09,2.03987915978819,"EPM2AIP1"
-240.41993487918,308.152891950311,-7.37040858619751,8.59055760262013e-12,1.41941409049008e-09,2.03779378817096,"FAM174B"
-1754.68156622951,2459.86815937888,-7.3703563719528,8.59306929953759e-12,1.41941409049008e-09,2.03771843636974,"CUTA"
-366.846213365574,632.482189155279,-7.36926242760252,8.64585934370036e-12,1.42383240848439e-09,2.03613974994445,"VPS45"
-326.260481012132,358.116339173913,-7.36762370973286,8.72553887801972e-12,1.43263915362081e-09,2.03377494514043,"GLS2"
-97.0292937390164,136.138043385093,-7.364492369395,8.87981909075924e-12,1.45360511612952e-09,2.02925633698569,"CAMSAP1"
-99.9376580960655,147.325819273292,-7.36378174254982,8.91520527471189e-12,1.45504133849216e-09,2.02823091523281,"IPO5"
-1514.00474540984,2022.51216714286,-7.35963850000844,9.12431493873978e-12,1.4847378549869e-09,2.02225252650234,"CCDC92"
-386.020404704967,573.642348557143,-7.35739567622173,9.23952606873708e-12,1.49505718054902e-09,2.01901646826629,"TOLLIP"
-344.421351467213,514.517223708075,-7.35733969176978,9.24242024738124e-12,1.49505718054902e-09,2.01893569262124,"NAGPA"
-237.282248898377,157.629527738509,-7.35466394759789,9.38179609796737e-12,1.5131259635881e-09,2.01507515441484,"C1QTNF4"
-1034.98395805082,1166.55362403727,-7.35374953317965,9.42990154910859e-12,1.51641137411033e-09,2.0137558849547,"TLN2"
-216.464733314754,235.196564198758,-7.35203702539352,9.52065005909996e-12,1.52651478586889e-09,2.01128522151721,"CACNG3"
-489.957164667213,616.329331677019,-7.35130057481443,9.55994076793674e-12,1.52833263592673e-09,2.01022275353219,"NDUFA10"
-81.0515670077048,105.167181534161,-7.34969522713318,9.64614492047524e-12,1.53761799862094e-09,2.00790678354938,"ACLY"
-939.993416860656,878.624528590062,-7.34742705078894,9.76925330045676e-12,1.55271489593742e-09,2.00463468278413,"NMNAT2"
-159.359706272131,275.828095652174,-7.34240168561977,1.00475729927413e-11,1.59232189384965e-09,1.99738546666214,"TRAF5"
-1331.85117688525,1850.1978810559,-7.34129968905593,1.01096451030006e-11,1.59567320861719e-09,1.99579589044769,"KIAA0513"
-205.144732280328,434.871460807453,-7.34058162096148,1.01502955549454e-11,1.59567320861719e-09,1.9947601281586,"ZNF544"
-294.61276115082,440.823212310559,-7.34047625629137,1.01562739204167e-11,1.59567320861719e-09,1.99460814815024,"NSMCE1"
-3710.6281687541,3298.83413173913,-7.33355761946806,1.05565508415571e-11,1.65380921851615e-09,1.9846291674145,"LDHA"
-382.172779806557,427.65376421118,-7.3327950706599,1.06016111799739e-11,1.65612311790021e-09,1.98352938958399,"AK5"
-680.414308056885,965.465510142857,-7.32983535846109,1.07783143108873e-11,1.67433436817136e-09,1.97926091218393,"ENTPD6"
-37.1353442279672,33.835007884472,-7.32981671380991,1.07794366272761e-11,1.67433436817136e-09,1.9792340236766,"ATP6V1A"
-88.1722172684263,106.597364593789,-7.32886780760089,1.08367089554552e-11,1.67846193240655e-09,1.97786556365339,"SLC27A4"
-1409.19808537049,1291.54157987578,-7.32600787605537,1.10111494375198e-11,1.69290701170302e-09,1.97374126367868,"RUFY3"
-2134.22879008197,3861.85915093168,-7.32582895927787,1.10221542055038e-11,1.69290701170302e-09,1.97348325500519,"NOMO2"
-994.123942908198,1375.46462598758,-7.32581748278975,1.10228604694335e-11,1.69290701170302e-09,1.97346670525141,"PSMC1"
-117.951838891049,193.836683643478,-7.32515850947016,1.1063488866166e-11,1.69438726542753e-09,1.97251643344836,"TUBGCP2"
-157.856077945902,188.607697863354,-7.31693046676022,1.15834193202761e-11,1.76905991993323e-09,1.9606521073849,"ASAH2B"
-1057.34038760492,1089.05799970186,-7.31425915783552,1.17573584666001e-11,1.7906227692517e-09,1.95680061234196,"ACOT7"
-325.46970953082,412.663821863354,-7.31255677189293,1.1869551858363e-11,1.80268818848889e-09,1.95434620542613,"AP2S1"
-852.303237906344,1031.81704152981,-7.3065708981595,1.22725109586544e-11,1.85872447829482e-09,1.94571668619271,"CAMK2B"
-119.488365317377,126.587613583851,-7.30589598729976,1.23187846969303e-11,1.86057887653222e-09,1.94474376020754,"ERCC1"
-761.177217147541,1126.95918093168,-7.30130067488804,1.26384698007939e-11,1.9036042323923e-09,1.93811964305952,"LRFN5"
-1772.58030079836,1562.95096080745,-7.29876432831665,1.28184157646073e-11,1.92540352178545e-09,1.93446374726939,"SNCA"
-4748.4817287705,5802.42584037267,-7.29658375589618,1.29751437286499e-11,1.94212045075698e-09,1.93132079863102,"GLS"
-156.9184152,206.329960838509,-7.29622994963337,1.30007514399096e-11,1.94212045075698e-09,1.9308108547909,"ZWINT"
-111.416326843115,120.708817732919,-7.29478829391353,1.31056128155648e-11,1.95137460467909e-09,1.92873301843681,"FADS3"
-414.545095527754,383.832730621118,-7.29439888136205,1.31340805582424e-11,1.95137460467909e-09,1.92817177338406,"CAPNS1"
-130.775437928787,125.069192952795,-7.28987696405951,1.34691620647292e-11,1.99573559861536e-09,1.92165480192383,"ACTL6B"
-854.393377144262,1072.50326310559,-7.28743123678486,1.36539013921056e-11,2.01764069895507e-09,1.91813025224126,"RABGEF1"
-2236.41403161475,2378.32763084472,-7.28548575652341,1.3802640983619e-11,2.03412236059128e-09,1.91532672377793,"ENO2"
-287.530716714754,427.874295838509,-7.28030763841924,1.42063780514051e-11,2.08799387086175e-09,1.90786530156523,"GBA1LP"
-884.415305336066,746.151966229814,-7.27870025382587,1.43340636046887e-11,2.10111240639773e-09,1.90554928202152,"LAMP5"
-89.0188223086885,103.132550298137,-7.2763783813589,1.45205109815475e-11,2.12275117089869e-09,1.90220390606786,"COMMD4"
-884.595578008197,1480.96536629814,-7.27134692168334,1.49328042863051e-11,2.17720286494329e-09,1.89495502838716,"NCDN"
-910.432203990164,732.273043602484,-7.26996928382466,1.50476959669724e-11,2.18365257656453e-09,1.89297037000845,"DHCR24"
-418.0178898,724.955559130435,-7.25577012562468,1.62839820130915e-11,2.35536168403645e-09,1.87251773584702,"PSME3IP1"
-1578.96502079016,1302.96377719255,-7.2547745150929,1.63743400781488e-11,2.36218217354298e-09,1.87108385471667,"SNCA"
-530.342042195083,719.011903142857,-7.25279167551854,1.65557742807541e-11,2.38207094421114e-09,1.86822824536433,"TRAP1"
-604.555596587869,588.031790776398,-7.24874180141931,1.69325424754841e-11,2.42988650878502e-09,1.86239611213624,"EFNB3"
-154.275643565574,196.547846968944,-7.2433297019422,1.74492995165379e-11,2.49168309794638e-09,1.85460298472413,"GRPEL1"
-684.421052044263,980.574951838509,-7.24327796242551,1.74543141566248e-11,2.49168309794638e-09,1.85452848661972,"FARSB"
-262.617250190164,458.497796124224,-7.24230288805128,1.75490860177798e-11,2.49868822401591e-09,1.853124521774,"AMIGO1"
-1029.32789620164,1294.92013888199,-7.24060879914139,1.771495294508e-11,2.51575338252532e-09,1.85068534469475,"CELF2"
-224.272725643279,251.50526221118,-7.23855229599879,1.79183866320705e-11,2.53532315639188e-09,1.84772446671486,"UBE2D2"
-359.798007080328,628.308379149068,-7.23827997992426,1.79454972386586e-11,2.53532315639188e-09,1.84733240497955,"NFE2L1"
-396.707427065574,595.440881453416,-7.23716581549508,1.80568414656726e-11,2.5443040684332e-09,1.84572833048445,"RPL29"
-98.3667311529509,99.8128780807453,-7.23671451852877,1.81021359418476e-11,2.5443040684332e-09,1.84507860342962,"AGAP2"
-193.525857631967,224.288265037267,-7.22785826835269,1.9014064713268e-11,2.66562561076392e-09,1.83232953840047,"FAR2"
-206.385511068853,300.456641440994,-7.22660431888702,1.91468004599226e-11,2.6773690924457e-09,1.83052459020481,"IDS"
-293.436280480328,317.348389875776,-7.22497444529003,1.93206987558164e-11,2.69479388896495e-09,1.82817860060779,"SNCA"
-208.581543708197,218.965389652174,-7.2238066733501,1.9446252243359e-11,2.70540417660472e-09,1.82649779303816,"MLIP"
-190.422894626885,207.788426956522,-7.2208077662332,1.97723868198072e-11,2.74379504916995e-09,1.82218156125472,"PDHB"
-157.584772101639,228.835301465839,-7.219557897432,1.99099018664707e-11,2.75588325202351e-09,1.82038274191353,"B3GALT6"
-158.484951357377,222.907968571429,-7.21698111785556,2.01963980003865e-11,2.78847995118972e-09,1.81667436759604,"ZC3H14"
-1339.55240529508,1549.94455178261,-7.21562608435074,2.03486862591978e-11,2.80242927259859e-09,1.81472434789746,"ASNS"
-75.1466334309836,85.9039529440994,-7.21220542183367,2.07381907054935e-11,2.84889592166547e-09,1.8098019346446,"POLR3C"
-149.633774180328,173.341352770186,-7.21118573216343,2.0855719769366e-11,2.85786084809545e-09,1.80833464392642,"TMEM135"
-1303.5953642459,1495.72883860248,-7.20799615859337,2.12276144445537e-11,2.90154954938993e-09,1.80374517914923,"NPTX1"
-211.96467758623,294.424060180124,-7.20636939082093,2.14198063131437e-11,2.92051847922975e-09,1.80140454528525,"RPS6KL1"
-759.709598424591,868.010672732919,-7.19583902001692,2.27061596536603e-11,3.08820716185045e-09,1.78625509228752,"NHP2"
-525.23978295082,629.587472919255,-7.19302115850493,2.30631356080497e-11,3.12897503565786e-09,1.78220175700417,"CSNK2B"
-556.33876314918,832.982150248447,-7.19128458390337,2.32858863225246e-11,3.15122428608804e-09,1.7797039114773,"MAPT"
-84.6354753359017,96.7064750248447,-7.19084659466692,2.33424021191707e-11,3.15122428608804e-09,1.77907393310602,"MECR"
-7330.25653780328,9197.85045649689,-7.18880929890335,2.36070703013109e-11,3.1784546364306e-09,1.77614368119409,"SYT1"
-181.703805481967,262.290698571429,-7.18840171009691,2.36603756200686e-11,3.1784546364306e-09,1.77555745944989,"AARSD1"
-248.136159403279,370.777285664596,-7.18725419384371,2.38110897516015e-11,3.19086110825689e-09,1.77390705120667,"AP2A2"
-179.609820866393,197.888165068323,-7.18522156255657,2.40803860526903e-11,3.21905894237369e-09,1.77098373006256,"LSM7"
-3768.55501568852,5481.96737763975,-7.18087724977538,2.46660783419171e-11,3.27907986738516e-09,1.76473618211724,"NARS1"
-145.911454636065,263.057259142857,-7.18059980102406,2.4703957964913e-11,3.27907986738516e-09,1.76433720323706,"PSEN2"
-254.481256939344,301.749579130435,-7.18027531499189,2.47483324292266e-11,3.27907986738516e-09,1.76387058646095,"POP4"
-107.188599460164,143.03305673913,-7.18012238984973,2.476927270654e-11,3.27907986738516e-09,1.76365067846502,"DLG3"
-118.87463996659,130.129860421118,-7.17728025964081,2.51616512997324e-11,3.32297894882335e-09,1.75956379562199,"GRIN1"
-1481.40298770492,1378.40112438509,-7.17574286622899,2.53764535060541e-11,3.34327131432171e-09,1.75735318195296,"AP3M2"
-691.750156386886,772.261760559006,-7.17416209586696,2.55992052764213e-11,3.35681008916146e-09,1.75508027284037,"PPP1R11"
-472.586761937705,561.463815465838,-7.17414229031619,2.56020083617802e-11,3.35681008916146e-09,1.75505179593906,"PHF24"
-5655.64857150819,7558.36389981366,-7.1714334728578,2.59882588650358e-11,3.39930156326754e-09,1.75115710705658,"TMSB10"
-84.686241527541,91.8187041304348,-7.16880246877247,2.63689234437984e-11,3.44086131095389e-09,1.74737451510732,"PODXL2"
-2455.31532170492,2275.14250721739,-7.16781537909333,2.65131562193161e-11,3.45144480069312e-09,1.74595543289906,"RTN1"
-106.55948877623,179.685943052795,-7.15966900960199,2.77336407756673e-11,3.60033175980568e-09,1.73424502988654,"CINP"
-396.958570082623,601.796325378882,-7.15837030838092,2.79332748686586e-11,3.60966822206252e-09,1.73237834032753,"ACTR1A"
-396.076530455902,424.166302881988,-7.15798567715373,2.79926717175036e-11,3.60966822206252e-09,1.73182550045837,"CAMK2B"
-136.643672335082,246.370051124224,-7.15613359014659,2.82804325066634e-11,3.63575401349161e-09,1.7291635160482,"USP15"
-1027.48979972131,1049.61170853416,-7.15582948632233,2.83279599405107e-11,3.63575401349161e-09,1.72872644133079,"NCALD"
-3766.12577278689,6470.06458826087,-7.15254319910177,2.88466239344221e-11,3.69239468844191e-09,1.7240033961666,"RPS15"
-2351.83207372131,3026.49481354037,-7.15218110608491,2.89043425085165e-11,3.69239468844191e-09,1.72348301784246,"RAB6B"
-91.7649937095082,119.078904726708,-7.15123778079596,2.90552473260926e-11,3.70302015746879e-09,1.72212734704621,"GABRA4"
-376.06212842459,524.709562770186,-7.14910474193461,2.93993474701035e-11,3.73816121611142e-09,1.71906202085107,"LTA4H"
-758.975179434427,865.029496006211,-7.1459950009571,2.99082325431243e-11,3.79404318862023e-09,1.71459336616608,"NDRG4"
-298.11340390082,339.778668043478,-7.14464453389995,3.01319267014526e-11,3.80476464757949e-09,1.71265286035856,"FDFT1"
-388.551880008196,465.030204074534,-7.14233774977821,3.05178559731662e-11,3.84461699385452e-09,1.70933834435673,"F8A1"
-389.879883242951,339.805269359627,-7.14154354335836,3.06518548529554e-11,3.85262106686285e-09,1.70819722400624,"UBE2QL1"
-177.483190252459,222.725879484472,-7.13932713139251,3.1028890742232e-11,3.89070169633062e-09,1.70501277835812,"KIZ"
-280.362561372131,484.135712795031,-7.13864320982854,3.11461554843002e-11,3.89070169633062e-09,1.70403018128706,"NMRAL1"
-267.588952721311,343.87086426087,-7.1385142847191,3.11683098855566e-11,3.89070169633062e-09,1.70384495496823,"EIF2S1"
-230.865681680328,323.382223838509,-7.13662398132958,3.14949311964474e-11,3.92251791153932e-09,1.70112922366056,"P2RX5"
-537.098129536065,582.493611142857,-7.13371218213078,3.20046807881901e-11,3.97663522851191e-09,1.69694617312074,"PLPBP"
-945.52008457377,1213.45334493789,-7.13331456802175,3.20749178925241e-11,3.97663522851191e-09,1.69637498761513,"NAV3"
-551.711572645901,719.776503813665,-7.12947071686153,3.27618193478398e-11,4.05260740462249e-09,1.69085343769621,"TUB"
-399.669228970492,707.532265645963,-7.12848194936146,3.29408503103356e-11,4.0655552837869e-09,1.68943318802309,"BIN1"
-4454.37774704918,4024.7420142236,-7.12269196562112,3.40087760425014e-11,4.18365267250652e-09,1.68111719439669,"HSPA8"
-201.638616609836,315.81465363354,-7.12246801292846,3.40507624922799e-11,4.18365267250652e-09,1.68079555955004,"PCBP2"
-632.392036959016,868.391630391304,-7.12051704235816,3.44187011016949e-11,4.21441127027341e-09,1.67799369820221,"VPS51"
-95.419951622295,100.898807565217,-7.12032426956852,3.44552690957881e-11,4.21441127027341e-09,1.67771685688019,"CD2BP2"
-118.671083428525,133.943598217391,-7.1192123856413,3.46669378720793e-11,4.23083666999092e-09,1.6761201025968,"EMC9"
-598.364686667213,814.190767080745,-7.11739071809787,3.50165069145532e-11,4.26398110368195e-09,1.67350413101094,"AFTPH"
-537.449542554099,609.56871910559,-7.11580237070551,3.53241425883648e-11,4.29188332448632e-09,1.67122330459261,"HAGH"
-676.370279575409,841.207307763975,-7.11333415965808,3.58074975423053e-11,4.33374058642619e-09,1.66767918338331,"NDUFA13"
-278.685640809574,251.69428475528,-7.11323438126956,3.5827174120981e-11,4.33374058642619e-09,1.66753591519083,"NRXN3"
-292.084382648197,297.468039298137,-7.1118833826511,3.60946483838939e-11,4.34686101407357e-09,1.6655960977624,"PHB1"
-2730.64150688525,2789.68345049068,-7.11048939155797,3.63727017208167e-11,4.37071970678166e-09,1.66359461414916,"TUBA4A"
-276.223059838525,312.984455776398,-7.10964000482236,3.65431613006321e-11,4.38157312305277e-09,1.66237510201049,"DPCD"
-932.941678650819,1125.49355180124,-7.10596169486464,3.72904968348176e-11,4.46139587405613e-09,1.65709422640579,"ATP6V1F"
-357.166091311475,490.430464571429,-7.10454390441644,3.75825674022463e-11,4.48652155615243e-09,1.65505885501503,"PDZD11"
-651.794624745902,805.256433416149,-7.10255445014334,3.79962158565053e-11,4.52601982996607e-09,1.65220292112621,"CUEDC2"
-202.394038359016,284.710569627329,-7.10126050258867,3.82676640591226e-11,4.54183059105039e-09,1.6503454843841,"POLR2C"
-54.1052291700656,49.6796959322981,-7.10113028477484,3.82950873795012e-11,4.54183059105039e-09,1.65015856237196,"FARSA"
-148.764373785902,231.470139080745,-7.09975398587643,3.8586119326913e-11,4.56644171904539e-09,1.64818298033983,"BCS1L"
-5756.68143622952,9146.58973440994,-7.09576541528801,3.9441936196433e-11,4.65764116963277e-09,1.64245802695463,"BASP1"
-272.934848586885,431.762732111801,-7.09378217468241,3.9874425533556e-11,4.69856512079132e-09,1.63961160536036,"NBAS"
-4786.3317292623,4758.71602778882,-7.09284368030556,4.00807141193157e-11,4.71271622467438e-09,1.63826468984109,"STMN2"
-170.447616247541,274.405107521739,-7.08939361396755,4.08481653668224e-11,4.79264687002363e-09,1.63331345721733,"NPM1"
-438.768404944262,424.001093751553,-7.07929364699743,4.31792637763829e-11,5.05530245604654e-09,1.61882123330876,"PSMA1"
-238.947777100492,294.789525385093,-7.07817502062291,4.34453907275656e-11,5.06864599689152e-09,1.6172163584889,"APLP2"
-797.079958803278,886.923120049689,-7.07803571252087,4.34786460455807e-11,5.06864599689152e-09,1.61701649850839,"MKKS"
-510.120637929508,812.048332503106,-7.07538474642115,4.41162906258884e-11,5.13203870206478e-09,1.6132133885601,"CELSR2"
-228.694181584918,272.243529186335,-7.0711708636338,4.51489232154986e-11,5.24101353886919e-09,1.60716860512846,"MICAL2"
-731.934143895082,810.810536614907,-7.06800538542929,4.59403038727506e-11,5.32158075051407e-09,1.6026281611403,"RABEP1"
-213.300116564262,278.95316639441,-7.06564774735663,4.65386066409937e-11,5.37948904460112e-09,1.59924668286215,"MTFR1L"
-254.753751145902,361.670681677019,-7.06341234067004,4.71129936806913e-11,5.43439436601645e-09,1.59604069865471,"KCTD1"
-239.95084521541,247.696925716149,-7.05744826146804,4.86799370752302e-11,5.60331696755413e-09,1.58748798216931,"HIVEP2"
-994.351553868852,1258.43919308075,-7.047062671772,5.15322928602805e-11,5.90676753068309e-09,1.57259769307934,"LRPAP1"
-622.52930920164,738.652568695652,-7.04508978425894,5.20924946572662e-11,5.95220889297286e-09,1.56976951498857,"SVOP"
-138.876896712459,168.137613795031,-7.04490081651759,5.21464665703521e-11,5.95220889297286e-09,1.56949863293762,"TRAPPC2L"
-38.415296781541,40.9801503639752,-7.04350618280194,5.25465050369239e-11,5.98537533936211e-09,1.56749948925955,"PTPRF"
-65.3469336286393,67.026129668323,-7.04151659858894,5.31224493168365e-11,6.03839899459051e-09,1.56464763363028,"NSDHL"
-1213.41858271311,1775.15340388199,-7.03964239496715,5.3670692101606e-11,6.08806035405665e-09,1.56196129560108,"HK1"
-455.201125085246,607.143418819876,-7.03154682175516,5.61036979741717e-11,6.35086891664148e-09,1.55035920595584,"CAMKK1"
-214.529550609836,294.700377329193,-7.03033510232101,5.64771109293349e-11,6.37992983483757e-09,1.54862284961581,"DNM1L"
-9450.64498296721,15406.5458450373,-7.02608142214319,5.78074871489408e-11,6.51675125746049e-09,1.54252788732174,"CHN1"
-212.826372806557,276.681705937888,-7.02458689323856,5.82822205861772e-11,6.55674981594494e-09,1.54038658373383,"TRAM1L1"
-911.839712836066,1312.20236775155,-7.02291397505009,5.88181851872071e-11,6.59770798354247e-09,1.53798978923294,"CAP1"
-3987.21803511475,5571.36311804969,-7.02269829902501,5.88876359573612e-11,6.59770798354247e-09,1.53768079717067,"PAM"
-1107.37978977049,1670.97356975155,-7.0210520705246,5.94204190843349e-11,6.64378612154604e-09,1.53532235593328,"PSMD4"
-171.283893037705,216.965046534162,-7.01582421900175,6.1144102278872e-11,6.8225587593823e-09,1.52783343428979,"ATP8A2"
-163.031295101639,159.577552925466,-7.01305669609089,6.20764727804894e-11,6.91248706572965e-09,1.52386935938998,"SCCPDH"
-1161.51991575492,1342.74051824224,-7.01227726641813,6.23415838817566e-11,6.92789857466472e-09,1.52275299147187,"MAPRE2"
-688.96753787377,823.790697826087,-7.01102752846227,6.27689976908135e-11,6.96124736053799e-09,1.52096305430343,"MAPK1"
-90.3445447878688,133.322892236025,-7.00997301589581,6.31318930353011e-11,6.98732034758115e-09,1.51945277450219,"PSENEN"
-353.533748255738,411.552745614907,-7.00936531473721,6.33419645020634e-11,6.99640789727337e-09,1.51858243998733,"MTX2"
-677.6006976,892.131681490683,-7.00697601602847,6.41746130830796e-11,7.06658218673538e-09,1.51516068102277,"RHBDD2"
-1446.30417288033,1645.76519296273,-7.0068017010905,6.4235781377366e-11,7.06658218673538e-09,1.51491104982522,"CDS2"
-795.156143613115,1008.78635772671,-7.00486935054791,6.49177234078812e-11,7.12726210306407e-09,1.51214386569332,"CAMK2B"
-165.066752386885,214.335274627329,-7.00025562016196,6.65749810421132e-11,7.2945633035622e-09,1.50553743879024,"RRP36"
-1045.37824198656,1041.81915371429,-6.99810114070221,6.73631092475421e-11,7.36615599621873e-09,1.50245270530043,"LDOC1"
-4635.43852081968,7295.83990806211,-6.99748414076939,6.75905048890212e-11,7.37626917127193e-09,1.50156933185748,"RAC1"
-316.184264167213,462.470294248447,-6.98863798562064,7.09352910996908e-11,7.72587059935378e-09,1.48890568852311,"POLR3A"
-563.18011362459,499.053302714286,-6.98789637291024,7.12230103694765e-11,7.72836913597114e-09,1.48784417571699,"NPTX2"
-552.455437357377,714.797326354037,-6.98785027266032,7.12409335990755e-11,7.72836913597114e-09,1.4877781904874,"EMC4"
-96.2738870468853,90.7160625161491,-6.98531066423276,7.22352113481593e-11,7.82071322863487e-09,1.48414326908663,"NDRG3"
-2321.6242195082,2403.58186469565,-6.97216348031755,7.76055659844314e-11,8.38554213478021e-09,1.46532982417,"SPOCK1"
-52.9487001517541,51.0664524161491,-6.9714775508,7.78963209560519e-11,8.39740044149057e-09,1.46434845399706,"PRR3"
-159.226085147541,257.434839614907,-6.97118069640367,7.80224860407354e-11,8.39740044149057e-09,1.46392374547549,"ZNF133"
-78.0298749711476,107.490395279503,-6.96887240121998,7.90104321942504e-11,8.48702432263387e-09,1.46062139432902,"PRNP"
-345.876142713115,526.956214906832,-6.96689595174166,7.98661528239615e-11,8.56212138362764e-09,1.45779396376915,"ACACA"
-3004.11441718033,4088.69871329193,-6.96527389159079,8.05752657993155e-11,8.62123807745122e-09,1.45547362404341,"TTC3"
-214.752645160656,290.422718236025,-6.95834527354462,8.36748458777306e-11,8.9179769948634e-09,1.44556348620589,"NQO2"
-1534.355436,2096.09421124224,-6.95663217942488,8.44591808145949e-11,8.98405780357583e-09,1.44311350920496,"DYNC1H1"
-217.572996699344,358.142054372671,-6.95470754735207,8.53490244707563e-11,9.06108332609437e-09,1.44036114180349,"AGPAT1"
